id;artist;album
0vFTfoOavRM;perfume genius;set my heart on fire immediately
nwJ88RCBcfE;moses sumney;græ
4uNlwM0ZfY8;yung lean;starz
HRZcBNjlPQI;charli xcx;how i'm feeling now
LqBsfpdHXX0;future;high off life
1h5eCTXfBGg;hayley williams;petals for armor
wTbjkUPpbhA;natalia lafourcade;un canto por méxico vol. 1
VEm5LU1YfeA;ka;descendants of cain
_v2rjiXHvzQ;nav;good intentions & brown boy 2
Uka2_LVDiv8;dope body;home body
AaTq83KFeKo;umbra vitae;shadow of life
SWiRwPkHU8o;car seat headrest;making a door less open
GHkJpVTe568;elder;omens
o-8BK4XJmzg;drake;dark lane demo tapes mixtape
ugJucHACZr8;dance gavin dance;afterburner
fAgo_BNUB_g;black dresses;peaceful as hell
o_dycSOZtm8;quelle chris & chris keys;innocent country 2
x0GzWxPJQUs;lido pimienta;miss colombia
L1ClMFpPGro;danzig sings elvis;danzig sings elvis
IothoUVKPas;kali uchis;to feel alive ep
NJgHNeFVQqg;black curse;endless wound
fsTud32GJrg;westside gunn;pray for paris
XGTBxV-RLwI;fiona apple;fetch the bolt cutters
SyWmV_oD2us;rina sawayama;sawayama
I-L_MDmJxU0;dababy;blame it on baby
ddy8WPKFDb4;laura marling;song for our daughter
yTWc9cdON44;igorrr;spirituality and distortion
TXWQ_pl76Y0;the strokes;the new abnormal
Hs3Bfg_5t8Q;bladee;exeter mixtape
P7mLMSo17jc;sam hunt;southside
el7NTXDuaCo;four tet;sixteen oceans
RlRvesjS9rE;yves tumor;heaven to a tortured mind
AMKnqlZzRcM;waxahatchee;saint cloud
mMY3eoqp0kg;thundercat;it is what it is
W2xOmf1sPXE;joyner lucas' adhd;joyner lucas' adhd
p_Db3vDJuWU;nicolas jaar;cenizas
tpyQzfYDh1Y;dua lipa;future nostalgia
1-YccbQ9EVk;don toliver;heaven or hell
aHVTlcNdIFc;sufjan stevens & lowell brams;aporia
NfGPMT6RNJU;horse lords;the common task
U8DL0wDfxAw;the garden;kiss my super bowl ring
vMxNmFZ2ijY;childish gambino;3.15.20
GpyoyfxLmCU;the weeknd;after hours
kJb6Lz5frq4;r.a.p. ferreira;purple moonlight pages
Hbi2rTyz42U;machine girl;void synthesizer
9j3Y7LYl3H8;jay electronica;a written testimony
hh1y2FbdHvA;code orange;underneath
ANmdYZdKiWY;lil uzi vert;luv vs. the world 2
7Q8tNSIQKBM;megan thee stallion;suga ep
Ui0JUOZBPls;princess nokia;everything is beautiful & everything sucks
I4H_vmSQEGs;loathe;i let it in and it took everything
oH2rxEXcBSA;u.s. girls;heavy light
sYLTNvie3sA;lil uzi vert;eternal atake
jR3hyPi0Dbc;gupi;none
cVCZGlcW3lA;bad bunny;yhlqmdlg
7aA6NOJtjew;caribou;suddenly
DhTY9G4KdtE;lil baby;my turn
NoOWjMKLzoI;grimes;miss anthropocene
YqLDx2PnOYM;"royce da 5'9""";the allegory
z6y4M7HVRXg;bts;map of the soul: 7
cTUxGqQBPFM;king krule;man alive!
LUKTMDyfoRU;eden;no future
EMTBCKD2Uy4;mark kozelek with ben boye and jim white;mark kozelek with ben boye and jim white 2
_O0UrJG9J0A;trippie redd;a love letter to you 4 mixtape
VkMov0H8QRA;coldplay;everyday life
wsu8XzmeOYg;have a nice life;sea of worry
ckBbj-E0SdA;madeon;good faith
NMsEzAg_E7o;liturgy;h.a.q.q.
9aInNmFYxRM;mount eerie with julie doiron;lost wisdom pt. 2
VuWOK6_7GZU;lil peep;everybody's everything compilation
XQJ2o3Si9mU;doja cat;hot pink
1J3s6wbc-S4;matana roberts;coin coin chapter four: memphis
4pRxNcHyxKQ;michael kiwanuka;kiwanuka
auy8wEk7Fww;fka twigs;magdalene
4tMn-cTP_wQ;westside gunn;hwh7 mixtape
UtL5_lw0xtI;gang starr;one of the best yet
Ue7WGgA_2_Q;anamanaguchi;[usa]
n8yFCmjXZeE;highly suspect;mcid
3mE4p3Ctlek;sunn o)));pyroclasts
t9vCCWuoF0k;poppy;i disagree
S5JcFNvl3kE;stormzy;heavy is the head
HaKthjg4zYQ;jackboys & travis scott;titled
7ndtSyn6dVg;mac miller;circles
CRdHP88An2s;eminem;music to be murdered by
rNaT3KazKoE;kanye west;my beautiful dark twisted fantasy redux
e-Q9e1DjO5U;clipse;hell hath no fury
TIVqhJuE1sY;my chemical romance;the black parade
UAOZoA_9pQE;converge;jane doe
dCdMYNbK8Vs;talk talk;laughing stock
pdndmLXJT9w;janet jackson;the velvet rope
jKw0RVvH94A;harry styles;fine line
GLyTw0trKM0;glass beach;the first glass beach
zX1r4cczTT0;ecco2k;e
X0f_8M1jinE;uncommon nasa & kount fif;city as school
NFap7zUpzOg;cattle decapitation;death atlas
VyzhfhARDr0;xxxtentacion;bad vibes forever
xF2BvFkMieA;griselda;wwcd
IJnUpM5wrIQ;hannah diamond;reflections
CafRD-uvYXs;lim kim;generasian ep
5c9VDBG5Epw;beck;hyperspace
jeFLQSy2uFQ;tnght;ii ep
P-A-j2rlsvo;yazz ahmed;polyhymnia
_O0UrJG9J0A;trippie redd;a love letter to you 4 mixtape
VkMov0H8QRA;coldplay;everyday life
wsu8XzmeOYg;have a nice life;sea of worry
ckBbj-E0SdA;madeon;good faith
NMsEzAg_E7o;liturgy;h.a.q.q.
9aInNmFYxRM;mount eerie with julie doiron;lost wisdom pt. 2
VuWOK6_7GZU;lil peep;everybody's everything compilation
XQJ2o3Si9mU;doja cat;hot pink
1J3s6wbc-S4;matana roberts;coin coin chapter four: memphis
4pRxNcHyxKQ;michael kiwanuka;kiwanuka
auy8wEk7Fww;fka twigs;magdalene
4tMn-cTP_wQ;westside gunn;hwh7 mixtape
UtL5_lw0xtI;gang starr;one of the best yet
Ue7WGgA_2_Q;anamanaguchi;[usa]
n8yFCmjXZeE;highly suspect;mcid
3mE4p3Ctlek;sunn o)));pyroclasts
f61jC1yPe4g;earl sweatshirt;feet of clay ep
pccO0anCKZY;rex orange county;pony
sOBY0PcjusQ;swans;leaving meaning.
gmKru-Is0SA;kanye west;jesus is king
jtPlfmhPnNg;clipping.;there existed an addiction to blood
ieXeM1YpqDg;caroline polachek;pang
a2l3o6Rzyzg;battles;juice b crypts
sZzwK3n_KEI;lightning bolt;sonic citadel
Ufd4o67Ze6w;ana frango elétrico;little electric chicken heart
FhuRfJsjs-A;big thief;two hands
fpATa8UJPh8;richard dawson;2020
9mhJ74tBV0E;nick cave and the bad seeds;ghosteen
00wiwO6nzRk;angel olsen;all mirrors
Q5rDfedBC3c;sturgill simpson;sound & fury
d3MJLRnWAxQ;billy woods;terror management
V2ZTJ8oD4TQ;danny brown;uknowhatimsayin¿
Jo2mZw2vNSg;weatherday;come in
WFgMAhpGEXw;dababy;kirk
Nm1tOpo5Pwo;hobo johnson;the fall of hobo johnson
avfDv8uY3Ys;brittany howard;jaime
CZXJizIr3xE;blink;nine
j7-mXvXB4uc;vivian girls;memory
XVVtKcvQ5vM;iglooghost, kai whiston & babii;xyz
OEbf8YhTWEo;nostalgia critic;the wall
6AVztTAVlxc;chelsea wolfe;birth of violence
zcn-Kp_OWfI;ameer vann;emmanuel ep
RZyr_nc936Q;(sandy) alex g;house of sugar
1Cwqhd2me2U;the highwomen;titled
nA-_v2cJges;charli xcx;charli
ZGmQ9_ceFoY;jpegmafia;all my heroes are cornballs
cRO0BuhzDsw;alex cameron;miami memory
D95K29ZTxpo;idk;is he real?
-YlaJuowR1w;earthgang;mirrorland
Za6s9zOntCE;post malone;hollywood's bleeding
hItRO3zBdcw;tropical [frick] storm;braindrops
9fewwAkSrCw;lana del rey;norman [fricking] rockwell!
CDzYqHFilZU;blanck mass;animated violence mild
K7xhuqw4DgE;tool;fear inoculum
xlpqeREimKg;93punx, vic mensa;93punx
L_xu6Koreqs;rapsody;eve
PqgUthlbpuE;knocked loose;a different shade of blue
uqOiWhlOny4;taylor swift;lover
B7oeiUvMqXA;brockhampton;ginger
NSCQQpdLg3E;weekly track roundup8/26 (the 1975wow / tom macdonald);weekly track roundup8/26 (the 1975wow / tom macdonald)
QDGMikSzoHE;sleater;the center won't hold
JI8WYhOdhtA;oh sees;face stabber
l8jKCfUx-Oc;young thug;so much fun
Puf8WJjnS4I;king gizzard & the lizard wizard;infest the rats' nest
lE0FteCqWmw;trippie redd;!
CUNeMprEkDA;the flaming lips;king's mouth
Yw86LVY5Ayo;drake;care package compilation
UW4pAuwer3o;slipknot;we are not your kind
uo6oJFhvW3s;swain;negative space
8h3hJJbdJQA;bon iver;i,i
UUGId_y9bAs;tomb mold;planetary clairvoyance
65E7N6xPZ7I;oliver tree;do you feel me? ep
7kJNJCzFeFM;clairo;immunity
n6wpOWd92kc;rich brian;the sailor
yWHHr0EFWWw;ybn cordae;the lost boy
Vw-Hh4kg9q4;purple mountains;titled
RjriHA-MLPg;chance the rapper;the big day
xg9JtJJ11nc;dorian electra;flamboyant
eywqqCMl7TA;benny the butcher;the plugs i met ep
QOwE58DvVQ8;lingua ignota;caligula
s_alotsHliA;blood orange;angel's pulse mixtape
N_j3OPCpRvA;big k.r.i.t.;k.r.i.t. iz here
bMgfRyK7ikY;peppa pig;my first
tIo6MOswfY8;uboa;the origin of my depression
h1KpujmB5Q4;poppy;choke ep
ieu3Hp4LcSg;ed sheeran;no.6 collaborations project
qjFfUuPY5Rw;daniel caesar;case study 01
i_i__q2RI7Q;kim petras;clarity
fqYJDueP_8g;dreamville;revenge of the dreamers iii
saDUi6_xQKU;blarf;cease & desist
jzqvz1mnjB8;the raconteurs;help us stranger
iG909JYouxY;pi'erre bourne;the life of pi'erre 4
9EXEarrz5Bs;jaden;erys
jV-Ziiole98;thom yorke;anima
zN-S-2NIYLU;freddie gibbs & madlib;bandana
EbkAfmNLmwM;kirin j. callinan;return to center
HOK54fBv90E;prince;originals
uOUtox0fxXw;ajr;neotheater
vqmCLg0zoyo;black midi;schlagenheim
KCSpWqfn6Qk;daphni;sizzling ep
_qziLUViJtU;bill callahan;shepherd in a sheepskin vest
IgRrcpwwzE4;lil nas x;7 ep
gq_duUotnbw;waste of space orchestra;syntheosis
3lVffzD-UKA;baroness;gold & grey
a58B7bUVD_M;holly herndon;proto
4kggrlYjGo8;otoboke beaver;itekoma hits
NKisf0dAyjM;jai paul;13 (bait ones)
MjP40h_BFfk;the mountain goats;in league with dragons
oIvhOSdJ7Bo;miley cyrus;she is coming ep
IhxPVSz5IFY;100 gecs;1000 gecs
toSuVK9nsAE;the national;i am easy to find
SAnc49e-G08;denzel curry;zuu
lEVXXtQUiXU;full of hell;weeping choir
0Q6NiItmGqo;steve lacy;apollo xxi
3UetWwNf9ms;dj khaled;father of asahd
VUND2yZH6UQ;flying lotus;flamagra
s28_I0Hu_Sg;rammstein;untitled
Be70pP6C4ow;slowthai;nothing great about britain
AzbBTaF45cg;megan thee stallion;fever
4yp-id2UnS4;young nudy & pi'erre bourne;sli'merre
vpnfhLVkpLQ;injury reserve;titled
X4UJL1V01xk;carly rae jepsen;dedicated
u37lG0BMFZk;tyler, the creator;igor
Pv0_ue4PWpk;big thief;u.f.o.f.
zHTFhBvSNaI;vampire weekend;father of the bride
vNw9TGSY1EM;mac demarco;here comes the cowboy
lfXh-qAoZNg;logic;confessions of a dangerous mind
Rccn_Hobk6s;slauson malone;a quiet farwell, 2016–2018
lu92NvB-xcA;gus dapperton;where polly people go to read
_wutLZaSZU0;king gizzard & the lizard wizard;fishing for fishies
6dLOzNKfslQ;rico nasty & kenny beats;anger management
dXla6EZApEI;schoolboy q;crash talk
AaEQeb1pOuE;sunn o)));life metal
Pc40i-8kHlM;kevin abstract;arizona baby
FGILPXMZHXw;beyoncé;homecoming
-deQEteXUK4;your old droog;it wasn't even close
7gIjHFZsoxk;cage the elephant;social cues
DmTgW_sjTG0;dos monos;dos city
sli3C0KTDh8;lizzo;cuz i love you
5E205mcp6g8;aries;welcome home
Ijny2633SIE;anderson .paak;ventura
l5ZD6BYKrGY;the chemical brothers;no geography
VqkqKNjQKkA;bts;map of the soul: persona ep
3qjNDxkAv4w;pup;morbid stuff
FjMD4H96TN4;show me the body;dog whistle
ANqN835Gmro;weyes blood;titanic rising
zJ5A5CdlnTo;quelle chris;guns
WRH2Cn3ktY8;ibibio sound machine;doko mien
_EbckCohk7s;billy woods & kenny segal;hiding places
GyvWvIlG3Vo;la dispute;panorama
07CQapiPPT0;the comet is coming;trust in the lifeforce of the deep mystery
L9fWqfDby9U;billie eilish;when we all fall asleep, where do we go?
jvLOz_mzZ9k;logic;supermarket
0NfVnIqy8-I;american football;lp3
A3yllffO0dc;nav;bad habits
6LFIvvx23_o;stella donnelly;beware of the dogs
5_ygpHqUm54;flume;hi this is flume mixtape
XrNB3eSiTmg;matmos;plastic anniversary
bm5pY9D8kK8;dave;psychodrama
ivSIL5lVKcQ;sun kil moon;i also want to die in new orleans
8bHjPSqqv-4;little simz;grey area
3ahSsfnXHyk;foals;everything not saved will be lost part 1
fkZLt-L68l4;spellling;mazy fly
M1SvOEAhll8;juice wrld;death race for love
Lml7J8uSfIo;weezer;titled (black)
AMzn7ZGCqgY;2 chainz;rap or go to the league
jV_IjRE6QTM;blu & oh no;a long red hot los angeles summer night
jto3k6kzbz0;solange;when i get home
HpH6uSqXhxk;kankyō ongaku: japanese ambient, environmental & new age music 1980​;​90 compilation
EerTWrLqowA;offset;father of 4
p3mUwEc4yow;seeyouspacecowboy;songs for the firing squad compilation
wgU7-FzF5Xw;gunna;drip or drown 2
IfasBW89k1Q;lil pump;harverd dropout
MWsI9V7KmEM;czarface & ghostface killah;czarface meets ghostface
4x0g-Evv_PQ;jessica pratt;quiet signs
0YPMV6iTy-U;drake;so far gone mixtape
mW7m4r2Ul2Q;xiu xiu;girl with basket of fruit
bPLvfWRBi70;lcd soundsystem;electric lady sessions
VCGwCQDMEi8;panda bear;buoys
VWjFquNG1IY;ariana grande;thank u, next
Z9xDiR7v_XA;comethazine;bawskee 2 mixtape
asIkx9NJs7o;maggie rogers;heard it in a past life
nWwxvvb9uqY;beirut;gallipoli
2ADxX13pFhU;various artists;now that's what i call music, vol. 69 compilation
strGSJ96ams;boogie;everythings for sale
xi9YRCX1miE;bring me the horizon;amo
ujPHUKQ4C7Q;deerhunter;why hasn't everything already disappeared?
Bf6ivvOanxI;weezer;titled (teal)
BFWxkPF6n0o;malibu ken;titled
EcGF0_3IarY;toro y moi;outer peace
HwWQveEGCNA;sharon van etten;remind me tomorrow
CYldmrlhCZA;james blake;assume form
kHn-r95Gsm0;future;the wizrd
QCLxY1FHMh0;big k.r.i.t.;tdt compilation
mbF6V2ouS28;marquis hill;modern flows, vol. 2
Mjs52lzxkZo;bad bunny;x 100pre
cY27XD0ZRho;21 savage;i am greater than i was
-jI1ofec02A;system of a down;toxicity
3d1rxJTIJX8;burial;untrue
PAkj5yAUFno;cannibal ox;the cold vein
P_VJMHhM6v0;sleater;the woods
fexnCtc5_BI;the postal service;give up
0RX4a0htqGE;meek mill;championships
jVCFinUjUrU;soap&skin;from gas to solid / you are my friend
QxqCaR0jFQU;black thought & salaam remi;streams of thought, vol. 2 ep
A38GRCfbJkw;xxxtentacion;skins
qaD2eyTJoj0;ski mask the slump god;stokeley
NBPPffw84r4;the 1975;a brief inquiry into online relationships
G6em044hErc;earl sweatshirt;some rap songs
sh7znEb3TQg;kai whiston;kai whiston bitch
HgUsQKCw7Wo;j.i.d;dicaprio 2
ztTCkWZ1qko;onyx collective;lower east suite part three
fpnn6UuKUZU;6ix9ine;dummy boy
bljZyA60Qmc;tyler, the creator;music inspired by illumination & dr. seuss' the grinch ep
EJjG_aK0tIU;muse;simulation theory
I9YcGpehDnk;trippie redd;a love letter to you 3 mixtape
r0kBjptl8_0;jaden smith;the sunset tapes: a cool tape story
tIWTYmVCs9c;anderson .paak;oxnard
n5Pehmoo-SE;action bronson;white bronco
ZuiTDmMu01c;lil peep;come over when you're sober, pt. 2
Dmom8_-isQA;jeffrey lewis;​2010)
5vXVnzY_zn4;imagine dragons' origins;imagine dragons' origins
e4zQHNTEqEw;sun kil moon;this is my dinner
oHIXPOHr6JI;metro boomin;not all heroes wear capes
tPU_qMbBPTY;takeoff;the last rocket
sPloNY4dmnc;curren$y, freddie gibbs & the alchemist;fetti
lqax_kwYL3A;poppy;am i a girl?
E93gYPKfC8U;rosalía;el mal querer
zlmRdQanHlc;vince staples;fm!
iWiKSNULvPc;julia holter;aviary
DO5pcLp8-HM;daughters;you won't get what you want
Nev2-f2cfjo;current 93;the light is leaving us all
cEkJziOSNzs;kurt vile;bottle it in
9UPA4YgRVhU;joji;ballads 1
m89uoXuylag;greta van fleet;anthem of the peaceful army
-n60eP_iDvw;lil yachty;nuthin' 2 prove
oCYzQoqadRI;little big;antipositive part 2 (mini)
0lapNx5xza8;open mike eagle;what happens when i try to relax ep
9Ibaafl2_-I;future & juice wrld;wrld on drugs
ORMZmOHPpWQ;high on fire;electric messiah
fdryZIr7Cp4;polyphia;new levels new devils
pLjeA3MdYHA;city morgue;vol. 1: hell or high water
x28E4mYBdwI;quavo;quavo huncho
mFXDzNcsUcg;clarence clarity;think: peace
Sh1JemfxBkc;horrendous;idol
Xl5r-2xMQb0;lil baby & gunna;drip harder
vmOjFuDulwY;sheck wes;mudboy
EFnXxL8sJ74;behemoth;i loved you at your darkest
r_WKzCe2Tc0;marissa nadler;for my crimes
GTuTUfMe64Q;twenty one pilots;trench
9NYrsLKHDvg;logic;ysiv
ErQy1u8wT6g;kero kero bonito;time 'n' place
c_oRpnnMVIs;tim hecker;konoyo
EHNTRu_ocH4;lil wayne;tha carter v
LbhRrs9mQcw;lupe fiasco;drogas wave
BbtNEZizabs;jmsn;velvet
gg0jnJwce3w;hozier;nina cried power ep
MSivWA97EdQ;milo;budding ornithologists are weary of tired analogies
E4csHqVYJXo;brockhampton;iridescence
57r3E3XRNRk;guerilla toss;twisted crystal
GN5tigKpQ9M;spiritualized;and nothing hurt
gHCD_yZlqBA;6lack;east atlanta love letter
NvbzLQbLShE;noname;room 25
xedn_lbTJzo;aphex twin;collapse ep
18NbdIPrMLo;russ;zoo
i4BoYm405Zk;yves tumor;safe in the hands of love
u0q5KiNtTbE;$uicideboy$;i want to die in new orleans
idIoNJQGrAg;thou;magus
UoAAk3tRb-g;okonkolo;cantos
PBAuMgx3uwk;armand hammer;paraffin
4i2PpkVGQNQ;idles;joy as an act of resistance.
-2Neevd-Low;george clanton;slide
J34qpusEXK4;eminem;kamikaze
gJltJ5WeGvA;interpol;marauder
KMc_N5ziha0;blood orange;negro swan
N0VWqq5BPlc;oh sees;smote reverser
5wzAij917v4;hermit and the recluse;orpheus vs. the sirens
OxeoGczp0Qg;ariana grande;sweetener
Rok6VEyNoFU;mitski;be the cowboy
Rok6VEyNoFU;mitski;be the cowboy
7Z65GoMcY04;young thug;slime language compilation
nFM1sCBx9do;iglooghost;clear tamei / steel mogu ep
WgSPTczwVbQ;trippie redd;life's a trip
Wo4tybjxZa8;hmltd;hate music last time delete ep
knKmh_wfOOQ;nicki minaj;queen
7v0mYN2k16g;valee;good job, you found me ep
IX5QmxD9kVE;imperial triumphant;vile luxury
UgwPxFUUg94;mac miller;swimming
HCF5ZNTsce4;yg;stay dangerous
t4RjOz8dKro;travis scott;astroworld
5zf-_mQYwu8;james ferraro;four pieces for mirai ep
rTb8Kcs89mk;let's eat grandma;i'm all ears
nDZqxWjRLCU;denzel curry;ta13oo
gKPkQv_aLzY;melody's echo chamber;bon voyage
fCL9gKzQrz4;88rising;head in the clouds
O3GBsa1-dKs;the internet;hive mind
exmYWItj-YY;busdriver;electricity is on our side
gmGaEVWYiJo;dirty projectors;lamp lit prose
OWDogwWqb_A;snail mail;lush
O5VtHXdfZPM;haru nemuri;haru to shura
pAmg0NYX0GI;deafheaven;ordinary corrupt human love
rBfnUffVx-8;serpentwithfeet;soil
RIf2tJqrGXI;florence + the machine;high as hope
provbgYpk5o;zeal & ardor;stranger fruit
GXcTZuZbiOE;the carters;everything is love
aRSdeuF9qiE;teyana taylor;k.t.s.e.
w7PFQHSOmLY;vein;errorzone
yP6b02-qSlA;kamasi washington;heaven and earth
DPHYLnhPRqw;gorillaz;the now now
67l6E8PVoFI;jay rock;redemption
ljtIQkFRL1g;drake;scorpion
5mifHOOfcE8;nine inch nails;bad witch
E7uoajRW7sM;freddie gibbs;freddie mixtape
ynCFF7DWHmI;death grips;year of the snitch
t7-aROT2eqo;rico nasty;nasty
XyB3yOo81cU;sophie;insides
_LEQYT-ffsM;nas;nasir
FJwmTnjDkrI;bladee;red light
uOLb73_zgVg;lump;titled
tu41W2j52OY;tropical [frick] storm;a laughing death in meatspace
paETFHcjTUg;big ups;two parts together
kXkSqBW2wTs;black thought & 9th wonder;streams of thought, vol. 1 ep
DbKWD0CYuX0;tierra whack;whack world
SMUocQXGbqc;godsmack;when legends rise
9rkFbKVownA;kids see ghosts;titled
-L2Xv5-EmUo;ghost;prequelle
34oyVszwnJk;father john misty;god's favorite customer
CV1Ybh8v21k;oneohtrix point never;age of
lZp0ZTzHCuQ;juice wrld;goodbye & good riddance
ixElcxn6PlQ;kanye west;ye
GO_hwQqCDZo;niki;zephyr
1C33F3MAGuU;a$ap rocky;testing
KmLvOn-f5Oo;bts;love yourself 轉 'tear'
icib8b4GYlI;park jiha;communion
z605Rm7lFTM;pusha t;daytona
cFanGXSGDWA;lil b;platinum flame mixtape
HMIUSLOR350;mark kozelek;mark kozelek
m1EiUEIdMr4;nav;reckless
4ZZREmYnygU;parquet courts;wide awake!
GkeHYp7MASY;courtney barnett;tell me how you really feel
J6CCJNs-Iso;frank ocean;endless redux
X0ACL1CRIKs;ski mask the slump god;beware the book of eli mixtape
uNAm2pFDgBA;arctic monkeys;tranquility base hotel + casino
nWcEHLFmKdE;beach house;7
eXm3ODioS80;playboi carti;die lit
cX9qqFGrDX4;jon hopkins;singularity
1K6l7wIuOHg;wiley;godfather ii
fxDjKGGCYRc;iceage;beyondless
GlToEXQO2yc;rae sremmurd;sr3mm
jG_1LDtuSJY;daniel avery;song for alpha
2dbrndTCzng;kimbra;primal heart
vELbNWkvVk0;panopticon;the scars of man on the once nameless wilderness
4Way39aUJ4g;janelle monáe;dirty computer
a1olq-lfc-I;post malone;beerbongs & bentleys
xS9kRoXURvg;sleep;the sciences
43tFabU6610;felix blume;death in haiti: funeral brass bands & sounds from port au prince
ZruuCzKf70k;a perfect circle;eat the elephant
_C0gp-HN7NY;hop along;bark your head off, dog
D5vrzzxGxwc;j. cole;kod
nsO2-Pwoa5s;unknown mortal orchestra;sex & food
cn00K4FqQRE;princess nokia;a girl cried red mixtape
BN8x5zo3iNs;john prine;the tree of forgiveness
UAAxRBo4PsQ;saba;care for me
x7lQBFEURZY;sons of kemet;your queen is a reptile
x9e_8zRuuO8;kali uchis;isolation
pf0hDdf2QJc;flatbush zombies;vacation in hell
mxMQEy8sQJI;cardi b;invasion of privacy
vdHxMQtIHic;lil xan;total xanarchy
ug1VSZ0tsUI;ruin;plague transmissions vol. 1 compilation
m8PBrunDIfI;kacey musgraves;golden hour
om3JC1JSdnI;jean grae x quelle chris;everything's fine
LIMy-Bp353E;czarface & mf doom;czarface meets metal face
3CrD91zHkLg;the voidz;virtue
O9valpIpGaU;the weeknd;my dear melancholy, ep
05AewlnZfE4;superorganism;titled
2akyCFh6DOg;preoccupations;new material
P32evYxRvTA;prhyme;prhyme 2
GyXofB1k24A;jack white;boarding house reach
AhVPv5q9Ik8;mount eerie;now only
L4LIeT2rxCg;wendy's;we beefin? not good
L4LIeT2rxCg;wendy;- we beefin?
iXiIx4DKKbs;keiji haino + sumac;american dollar bill
h4d-M5jbx8Q;the neighbourhood;titled
0Z9n4DNNsy8;judas priest;firepower
UHn-uNjJAoY;young fathers;cocoa sugar
gWUdEgaTdo8;xxxtentacion;?
guuWxHnQZf4;remo drive;pop music ep
7TABeq5TLGY;natalia lafourcade;musas vol. 2
Kh2_xvw3LUA;david byrne;american utopia
CCJZO4I2SS8;lil yachty;lil boat 2
zvh62IPMCuo;logic;bobby tarantino ii mixtape
0dVNV1Q5jjU;anna von hausswolff;dead magic
iSK2hb2z0us;titus andronicus;a productive cough
tLWPSqE0DC4;andrew w.k.;you're not alone
6VJulC5QLhY;tory lanez;memories don't die
hE0DlvHdwuA;rejjie snow;dear annie
m80fpwG_GGA;turnstile;time & space
2WiS99Qukxc;a.a.l (against all logic);2017
fPZwOG2RcFU;sob x rbe;gangin
aVDeTMPuyDM;screaming females;all at once
kkDCuMYeX8I;6ix9ine;day69 mixtape
6qC-ZLOK-8Y;u.s. girls;in a poem unlimited
le1lEwOXQq0;kero kero bonito;totep ep
ViAn7COdDqo;ought;room inside the world
EcFJbKJxjDA;car seat headrest;twin fantasy (face to face)
6Z8yUX3JE-c;ravyn lenae;crush ep
TcMeRrIJe1M;various artists;black panther the
slBC3h48xgQ;daymé arocena;cubafonía
eQ3Wd60Qddw;mgmt;little dark age
DpXe5kbKVtM;tribulation;down below
rz7KzrrAbzo;tiny moving parts;swell
3DEtgItwWt0;no age;snares like a haircut
gPdD04_9A9A;rich brian;amen
tKHC0X2EwAs;justin timberlake;man of the woods
tMgNfu4-wgw;gucci mane;el gato: the human glacier
W3SopqFy2eg;portal;ion
J8qVaBy42Xg;ty segall;freedom's goblin
cTYg1mAd8tA;migos;culture ii
LxVfshdEKt4;kanye west;the life of pablo redux
FnjOReNf4Go;fall out boy;mania
KQXYdub4Af4;eden;vertigo
tN1PUSSybYA;tune;i can feel you creep into my private life
C0C-ZtZapNM;first aid kit;ruins
S9gg0JOTF2E;jpegmafia;veteran
iOec_uiEzJg;lil skies;life of a dark rose mixtape
_zZhWdRpDHk;yuno: december 2017 (ty dolla $ign, u2, godflesh, g;eazy)
p6T46TrMB80;king gizzard & the lizard wizard;gumboot soup
r98hKTgtKiU;cupcakke;ephorize
WY1cW0FZxm0;jeff rosenstock;
RUAXoNP9WiU;aphex twin;92
Z--fCH6D_xQ;ween;chocolate and cheese
-pbadnjeRhY;lauryn hill;the miseducation of lauryn hill
oKl3pPQ-IRc;michael jackson;thriller
6aq9epwmMKo;daft punk;discovery
SipouoqLyxM;charli xcx;pop 2 mixtape
LAEe4bj6cLA;n.e.r.d;no_one ever really dies
LxU-y-udwlA;travis scott & quavo;huncho jack, jack huncho
14Py6kcxKKQ;eminem;revival
-5qQvKlPYjo;chris stapleton;from a room, vol. 2
sL0YnMbzmow;brockhampton;saturation iii
h_k1muvplJU;big sean & metro boomin;double or nothing
E54_Y06Gyk0;quality control;control the streets, vol. 1 compilation
7KQyTYscOpk;princess nokia;1992 deluxe
aXHFPuiFjzA;makaya mccraven;highly rare
2WnDjpoMxjE;prurient;rainbow mirror
2P6KBsONYWo;noel gallagher's high flying birds;who built the moon?
XGboPnsVrU0;ibeyi;ash
dSDbbWaXI9U;glassjaw;material control
LSX82ylZhJ0;cyhi the prynce;no dope on sundays
M29NZ7rj7BA;gfoty;gfotybucks compilation
4EXtbijQOgY;rosalía;los ángeles
OKYedko0w8Y;hopsin;no shame
ikquXWiyaj8;björk;utopia
VaiMDDi8NJc;sharon jones & the dap;soul of a woman
JX54Kz7DaZQ;king gizzard & the lizard wizard;polygondwanaland
YABApZSuUIA;jaden smith;syre
Ghbw0DOaNHY;armand hammer;rome
tdcpjrCZMAc;liars;tfcf
vhlH7LmWlgE;destroyer;ken
JvQDSJk2QNE;yung lean;stranger
qDAxDcjgn-8;taylor swift;reputation
JLu1xs35rXM;benjamin clementine;i tell a fly
ZjByhSZLZEs;skepta;vicious ep
htvR_dBs3eg;sam smith;the thrill of it all
WLDhNDAOw8k;converge;the dusk in us
FMfw5VuQgNI;rina sawayama;rina ep
FPeMy9v0_oI;julien baker;turn out the lights
PoJehADEZ4g;joji;in tongues ep
sxISrm03SHk;21 savage, offset & metro boomin;without warning
_bk9VFReGyw;weezer;pacific daydream
ivXWRxoLpfE;big k.r.i.t.;4eva is a mighty long time
h9r1kIjo2aA;fever ray;plunge
zglUexTARC0;the world is a beautiful place;always foreign
Rqji8DgXwcM;yuno: october 2017 (kamasi washington, susanne sundfør, miley cyrus, wu;tang)
tfRfhunuCbI;liam gallagher;as you were
CkA1sSU9MJA;future & young thug;super slimey mixtape
tYtq_39Vek0;joji;will he track
UFvtS9JDllU;lou the human;humaniac
1bkP7n6RhSk;primitive man;caustic
pI4uPs5dLRs;beck;colors
sxssAArYRGA;gucci mane;mr. davis
ft2cMWKc_u8;king krule;the ooz
kupU1_uOmHw;st. vincent;masseduction
5iHufSOWdqg;protomartyr;relatives in descent
rW4C65jSLIo;trippie redd;a love letter to you 2 mixtape
PWsug6Lx-V8;marilyn manson;heaven upside down
IFyq9sXtSRc;poppy;poppy.computer
6GcG0qDqWhY;kelela;take me apart
rWUT9uCl9Es;lil pump;titled mixtape
eir7AorIVXg;uncommon nasa;written at night
datrlt_DGLs;iglooghost;neō wax bloom
Uxmi5AcAFgg;smokepurpp;deadstar mixtape
lI6-C7dwz9k;injury reserve;drive it like it's stolen ep
S-elCjqboo0;the killers;wonderful wonderful   ft. spectrum pulse
Und3xhfJUsU;wolves in the throne room;thrice woven
-9vTnqL7W4s;young thug & carnage;young martha ep
sviePujguak;chelsea wolfe;hiss spun
mJAD92rWdZI;macklemore;gemini
-K0wHtAc1t8;godspeed you! black emperor;luciferian towers
EnGPUH911nU;rapsody;laila's wisdom
ZWjmQ-6OcSI;foo fighters;concrete and gold
NOvcBmZCRJ8;myrkur;mareridt
bdiGlNbz_Qc;open mike eagle;brick body kids still daydream
n8_qk3FrFjM;daniel caesar;freudian
Hlx4ONMtRFY;ariel pink;dedicated to bobby jameson
OtC4THSrbQ8;brain;i'm brain ep ft. lil dicky
odQcHCsW2YA;the national;sleep well beast
zSoh4uADfus;nmesh;pharma
BD7fSbQ01bs;alex cameron;forced witness
AL5dCMlhtRg;corbin;mourn
W9ysTOF7S8Q;alvvays;antisocialites
6RymqLslg7s;zola jesus;okovi
AuEKWOh8_HE;death from above;outrage! is now
aSUpgoYKZv0;wifisfuneral;boy who cried wolf mixtape
cPIJXJZH1zk;bicep;titled
OlCJ_BlisoY;action bronson;blue chips 7000
0evHtpLFM9k;lcd soundsystem;american dream
e1iCnyireF8;the war on drugs;a deeper understanding
LG9gDRVM6QQ;oh sees;orc
qbh0s7OCZOE;a$ap mob;cozy tapes vol. 2: too cozy
q9yUTGIXRxM;queens of the stone age;villains
GiStPHGw0lo;brockhampton;saturation ii
cmYXxJs0uCk;xxxtentacion;17
ci62GfOm-t8;lil uzi vert;luv is rage 2
tjati_HVw5s;grizzly bear;painted ruins
dge1w2xQ-8A;king gizzard & the lizard wizard w/ mild high club;sketches of brunswick east
jbODBiZb808;everything everything;a fever dream
Iju3kpyFTFU;a$ap ferg;still striving mixtape  ft. shawn cee
I_UJ-3yakDg;brand new;science fiction
nhndrX8cktI;alice glass;titled ep
4DyJIw58zFo;kodak black;project baby 2 mixtape
8rJxsKJm6KQ;lil b;black ken mixtape
6q7UpIFY6xg;lil peep;come over when you're sober, pt. 1
nubYmxtTlVk;richard dawson;peasant
MyQ0O5jlyoo;milo;who told you to think??!!?!?!?!
So6aG1iLdjg;kesha;rainbow
aEJu27tjvcI;igorrr;savage sinusoid
8qqWsWdvjIw;dead cross;titled
1fvl1Yigl9A;ski mask the slump god;you will regret mixtape
2HU9fnoqGtY;black lips;satan's graffiti or god's art?
r3OLn4vaBzw;ugly god;the booty tape mixtape
7Aqu9Mo42XQ;oxbow;thin black duke
N65_VUOVT6o;dying fetus;wrong one to fuck with
GlSqTuuvfdg;vic mensa;the autobiography
wpOna_7hIzM;aminé;good for you
CSLAZM54ZcQ;arcade fire;everything now
mFeDwNwEK7k;nine inch nails;add violence ep
QqwXu96_ZNc;dizzee rascal;raskit
0fgpP3u_sUs;shabazz palaces;quazarz double
fSfLoZ-L2gQ;integrity;howling, for the nightmare shall consume
5YF9p9ywoF8;lana del rey;lust for life
mlLqB2lxii4;tyler, the creator;flower boy
mlDLwLq3q-s;pissed jeans;why love now
ymkvtN3aVkk;billy woods;town
jp0Z2IDfvOo;toro y moi;boo boo
WXpbp3x0X_I;beach house;sides and rarities compilation
ZwKvfRTE6Pc;broken social scene;hug of thunder
qyFbsYI8nCc;haim;something to tell you
eqEPZaPOaIg;21 savage;issa
NOnVXp-n-pQ;jay;4:44
luMD_geVp_M;denzel curry;13 ep
320eVDw8UGM;calvin harris;funk wav bounces vol. 1
kJmjvul_6sw;guerilla toss;gt ultra
pejfwSOez5w;portugal. the man;woodstock
Kum_z3Mvh8k;dj khaled;grateful
2xKdxJYSns4;algiers;the underside of power
-J85naYNmck;fleet foxes;up
YAmxuIITQeA;vince staples;big fish theory
ymZpSOlOUSs;king gizzard and the lizard wizard;murder of the universe
H7Jh2STd06A;2 chainz;pretty girls like trap music
oM9eEHyr2xI;the i.l.y's;bodyguard
hDYjI2WpMe8;elder;reflections of a floating world
WxY7yOmZs4w;lorde;melodrama
AnqPrqA23lg;the mountain goats;goths
AoLy1rgowWg;the underachievers;renaissance
bus8_zwTQD8;young thug;beautiful thugger girls
sFZgERqFK4g;kirin j callinan;bravado
iNGIJ0GG77o;sza;ctrl
yuKEu22_lcM;sufjan stevens, et al.;planetarium
yxPYzOB8rew;katy perry;witness
iBHjkRZQbv8;brockhampton;saturation
53Nve24_204;omar souleyman;to syria, with love
SWPNCQYO4uw;bleachers;gone now
vQAKOLE_JR4;beach fossils;somersault
hCy3_Fosq2g;roger waters;is this the life we really want?
ka1Ko6n9FW0;alt;relaxer
UNMoeUn98u8;gucci mane & metro boomin;drop top wop mixtape
tSLUWz43kzA;bryson tiller;true to self
diDkeBYKvK4;sinjin hawke;first opus
Gjx2OBFrUAE;lil yachty;teenage emotions
mNSkoLmqTGc;snoop dogg;neva left
JdvrP_nJYYw;wavves;you're welcome
SVdIzy6ck5c;linkin park;one more light
3ghLdT_YaF0;(sandy) alex g;rocket
7hT759rB8G0;death grips;steroids (crouching tiger hidden gabber megamix) ep
2w4wi19KBEE;b.o.b;ether
z5BqausZu0E;forest swords;compassion
eGYRq0ywrq8;paramore;after laughter
A8ObXvF_vhg;harry styles;titled
6GDPN4Hs_44;perfume genius;no shape
GFynn8SlDUo;at the drive;in•ter a•li•a
pgqm2QdIFXs;chris stapleton;from a room: volume 1
Vnc2tB4Jlmo;slowdive;titled
h2XMQrZ6Ywk;full of hell;trumpeting ecstasy
ICvyW5xGZgs;mac demarco;this old dog
jESJJrA5a98;logic;everybody
Z3Yirj5sooU;wale;shine
jeHGfiHDwxc;cashmere cat;9
WfkRmx6EAPY;colin stetson;all this i do for glory
AKBopAbun5g;feist;pleasure
Uooqk3B0kC4;gorillaz;humanz
a1PdNaCJ_M8;the smith street band;more scared of you than you are of me
gRsUzx4N8VI;gas;narkopop
OnVcHeX-mww;frank ocean;lens ft. travis scott track
et2s-u3KFbc;timber timbre;sincerely, future pollution
KFGo3SWOlKo;the magnetic fields;50 song memoir
FAYdije-kSw;pile;a hairshirt of purpose
YfdBfEFfg3M;playboi carti;titled mixtape
RIGINiBYxis;kendrick lamar;damn.
nyQfrJRTYSo;the chainsmokers' memories... do not open;the chainsmokers' memories... do not open
IZxa8FaUYOw;arca;titled
u2B3Dzu5pa0;joey bada$$;amerikkkan bada$$
4NzqALD8oCk;future islands;the far field
nO89Wos0Hv0;father john misty;pure comedy
sL64D1lm60I;harry styles;sign of the times track
6ez_UWgmoh0;j.i.d;the never story
J8CtI2Xcwqs;kodak black;painting pictures
bbS0PRslyJs;mastodon;emperor of sand
ZgT57CPrmFI;freddie gibbs;you only live 2wice
9Bm2mwJVvsg;goldlink;at what cost   ft. shawn cee
JxVBmNpYtYM;ibibio sound machine;uyai
HCSMKDtaZ10;kendrick lamar;humble. track
1GRf65B6-Qw;ondatrópica;baile bucanero
B6Pyfe5yrtc;pallbearer;heartless
NjbWyn-h-Oc;mount eerie;a crow looked at me
qoSOmF_PWw4;remo drive;greatest hits
vhhhIykGjRU;havok;conformicide
VXlghM-qUq0;spoon;hot thoughts
X_uhiacU1k4;real estate;in mind
dqZywmtj3yc;drake;more life playlist
l3XdmBBO9k4;rick ross;rather you than me
iFE1bkuBotk;your old droog;packs
bHZ10YR3npo;laura marling;semper femina
yTYsVjeoe-Q;idles;brutalism
lpA54RhgWEA;blanck mass;world eater
dePHKrFDZvE;charli xcx;number 1 angel mixtape
31191e2d0kE;ed sheeran;divide
QUGTCKrC-qc;sleaford mods;english tapas
otyLHbEfRDQ;xiu xiu;forget
i1UVfTixFKw;king gizzard and the lizard wizard;flying microtonal banana
8grYlwFrN9o;dirty projectors;titled
9NliOip-0tY;power trip;nightmare logic
zPMU0w-XaPw;thundercat;drunk
3kFmkDNp1fY;future;hndrxx
GUerNUwHLS0;jens lekman;life will see you now
kYVQR4cdSQ0;animal collective;the painters ep
vEl7_Pt6y3Q;flume;skin companion ii ep
dvcM8-25H38;jonwayne;rap  two
Jr9jPD4nUBI;future;titled
ySP4iNetZqU;sun kil moon;common as light and love are red valleys of blood
WcuNF95EUls;quelle chris;being you is great, i wish i could be you more often
mubiVMY-EpM;jesca hoop;memories are now
ZHndE4sxrh4;lupe fiasco;drogas light
dF_sjtxbeek;paul white ft. danny brown;accelerator ep
ORRDA5YFhcc;sampha;process
jxSVnQed0OY;iron reagan;town
jbxpNHEWfao;big sean;i decided
BDnYIjhaSzc;bedwetter;flick your tongue against your teeth and describe the present
oDEEOvaaBNE;ty segall;titled
WVuO8d3fgOc;migos;culture
sj-0ya-ePq0;william basinski;a shadow in time
w_jO52l-8ok;neil cicierega;mouth moods
Su7lhOHdGEY;foxygen;hang
dPd6iYPtwCA;wiley;godfather
s_uW6a9xwmo;yucky duster;duster's lament ep
m8rY_gfWOsI;code orange;forever
7jxJ-R8w5ro;the flaming lips;oczy mlody
j2ngzOddzew;the xx;i see you
2cx5XI8cjiA;little simz;stillness in wonderland   ft. tabby
wQ3EDk6Ku5M;unkle adams;original not good reaction ft. chris ray gun
wQ3EDk6Ku5M;unkle adams - original  reaction ft. chris ray gun;unkle adams - original  reaction ft. chris ray gun
UY5cqI-Nhu8;david bowie;no plan ep
J_EXmjacmOc;pink guy;pink season
avhktqd82tg;nine inch nails;not the actual events ep
7K38cdHSdMY;emperor;in the nightside eclipse
Wn3qNbJgRJU;tom waits;rain dogs
JboovPNjOXs;talking heads;remain in light
jFSJnr1rktI;outkast;atliens
DvlnYSvvqpU;captain beefheart;trout mask replica
ktFcXYmy2Fc;run the jewels;run the jewels 3   ft. bigquint
IAHgAEpNF5I;kid cudi;passion, pain & demon slayin'
jGfK-R4rKxY;injury reserve;floss
HldIcbmkLvg;post malone;stoney
W4A0ViBBnrk;ab;do what thou wilt.
c_A7jwZypEQ;j. cole;4 your eyez only
zAlIMc8I0ZQ;blank banshee;mega
__PxaWntvhg;metá metá;mm3
9pXNow58ECU;common;black america again
BwC-hYrfKV4;childish gambino;awaken, my love!
6qadB8VyBRo;the wytches;all your happy life
VvaS80m7L70;sleigh bells;jessica rabbit
Yv4z3I-Auww;czarface;a fistful of peril
qfG_-m51_7Q;thee oh sees;an odd entrances
38VsnLom3wM;deathspell omega;the synarchy of molten bones
9D3xjKDBsyI;the weeknd;starboy
Y7cCytQCaAM;metallica;destruct
U_PyyvgFLLI;justice;woman
aqiM-PY4MpI;bruno mars;24k magic
k0vMdRfwFxY;a tribe called quest;we got it from here... thank you 4 your service
JN5QgkI0RpM;marching church;telling it like it is
vfMP52k1Dv4;kero kero bonito;bonito generation
c05iUg0Xj7Q;tove lo;lady wood
7X6qA1k3W7Q;swain;the long dark blue
YBDMukNKBKg;wormrot;voices
-1xtW1YAfUo;a$ap mob;mixtape
sKTSgxz-aKg;korn;the serenity of suffering
bv_MI60ZMUQ;d.r.a.m.;big baby d.r.a.m.
kAOw5dpeaus;conor oberst;ruminations
zebg8WhUU3Y;lady gaga;joanne
-0rkRvKZAcM;the game;1992
E6WtycT5NQ8;the dillinger escape plan;dissociation
-hnhEGWxbOY;crying;beyond the fleeting gales
wqBQhv6OUMg;jeff rosenstock;worry
uw4Ikdcjpgg;american football;titled (lp2)
mef_vPjiRU4;nxworries;yes lawd!
w159jTHrzt4;green day;revolution radio
ejL8k6Qri4g;meshuggah;the violent sleep of reason
8yVjQqOESzI;oathbreaker;rheia
pB85HT19h4w;solange;a seat at the table
3TKlogHjZso;brain tentacles;titled
D86O_TGb45Q;ty dolla $ign;campaign mixtape
ti-uAwBKP90;banks;the altar
vdmzHJ8QsJs;regina spektor;remember us to life
P8yjUYbfRb8;nicolas jaar;sirens
BjLa2rN4AzA;bon iver;22, a million
yrmgkbBSTKE;danny brown;atrocity exhibition
arcOA1XQZMU;neurosis;fires within fires
cmfv7f-0Mbk;mick jenkins;the healing component
L3E0kq9YkjA;the worst album of 2016 (corey feldman;angelic 2 the core) []
1qGj_m4V3Ms;wilco;schmilco
L-ZQEUZxtZM;preoccupations;titled
RYWCHEJV_CI;touché amoré;stage four
Ckz7LtXSHo4;ghost;popestar ep
PyLi_BCFYsI;street sects;end position
vDzb4npeozE;mac miller;the divine feminine
Vz2YokGxlT4;nick cave & the bad seeds;skeleton tree
vlls8lQNgi4;m.i.a.;a.i.m.
YUtwxblNMOY;de la soul;and the anonymous nobody
WtG5VhDBk9Y;$uicideboy$;eternal grey
J_LvLhFq2IU;clipping.;splendor & misery
S4XyD506RrY;trisha paytas' showtime ep;trisha paytas' showtime ep
fWxQJiyLK1k;glass animals;how to be a human being
DY_SrcWzRak;isaiah rashad;the sun's tirade   ft. luke james
XkUtee1lF3I;of montreal;innocence reaches
iAfxeKWphdg;angel olsen;my woman
f8oMW4yqh_o;travis scott;birds in the trap sing mcknight
MdGbp6dtNhY;vince staples;prima donna ep
GloclhybVlQ;young thug;jeffery mixtape
TtqyDOj5Js4;carly rae jepsen;emotion: side b ep
dnkjfA3anDk;ka;honor killed the samurai
yegJB-LEtrg;gonjasufi;callus
IjyhNVPVV0A;tobacco;sweatbox dynasty
eLfbvBCavtM;ajj;the bible 2   (fka andrew jackson jihad)
EmAp9HUWu_0;crystal castles;amnesty (i)
iKvC10hmVnU;frank ocean;blonde   (endless / boys don't cry)
uIooSLzxH-8;thee oh sees;a weird exits
dYPX3Y0XriU;rae sremmurd;sremmlife 2
xmGcoPn08jg;partynextdoor;p3
Pq3J2noL6tY;lil uzi vert;the perfect luv tape mixtape  ft. d. respect
G0S8teWZy3U;jpegmafia x freaky;the 2nd amendment ep
amGvfPpr5go;dinosaur jr.;give a glimpse of what yer not
S8BpvVYuqgk;noname;telefone mixtape
kVA3PTb_958;skillet;unleashed
Htt3TnkMwPY;ghoul;dungeon bastards
_OkqJVoI3fo;descendents;hypercaffium spazzinate
Trb2KK-Ui7c;2 8 1 4;rain temple
2QSAf3CP7Mo;show me the body;body war
f1vo4v11Qck;bones;paidprogramming2 mixtape
EU1PzBC1LMY;dj khaled;major key
vv9_gySpshg;kemba;negus
55l2Junftxo;roy woods;waking at dawn
KN8p1OCNy94;$uicideboy$;radical $uicide ep
5IPI4P2IRmA;gucci mane;everybody looking
Cqf5i2t2Hkw;lil yachty;summer songs 2 mixtape or
3OzfNaYcoVo;bat for lashes;the bride
wuXJWdS9vNc;the i.l.y's;scum with boundaries
YPx2dv4nR98;21 savage and metro boomin;savage mode
wk0nPWE6wfY;apathy;handshakes with snakes
T8awRqOAZMc;clams casino;32 levels
T0TQ5e75qx8;schoolboy q;blank face
uw9gtldMQfs;badbadnotgood;iv
LKQqAr4D9Qg;woods;city sun eater in the river of light
6k5bkCY0ims;deerhoof;the magic
BLDUp1DAsf4;blink;182's california: not good
BLDUp1DAsf4;blink-182;california
jV4EmFzc47A;the avalanches;wildflower
IIH01362IH8;logic;bobby tarantino mixtape
SCJ57ntrIQQ;blood orange;freetown sound
5lBwkRsID1Q;desiigner;new english
_PXWBSJGAag;case / lang / veirs;titled
7A3P3bGcC8c;riff raff;peach panther
osgQqOgJGtw;red hot chili peppers;the getaway
yD2k3gOj9U4;kodak black;lil big pac mixtape
tZv3A6_wxrI;swans;the glowing man
ziYDeoP0ai8;clipping.;wriggle ep
ddkcwXO8Wk4;jon bellion;the human condition
ETXH-YdlXUE;nails;you will never be one of us
-R0ZrESv178;yg;still brazy
7pJ3EFwY1Pw;david bowie;the rise and fall of ziggy stardust and the spiders from mars
hfHWgzkRtUs;the microphones;the glow pt. 2
hJvihpuvPbg;yes;close to the edge
r9gIGBuF6ao;nirvana;in utero
DjVrJ1kSmRA;nas;illmatic
4dsfcdje6rA;patti smith;horses
DVcxvDjmL3E;xenia rubinos;black terry cat
4WUd8aqZ6UY;joey purp;iiidrops mixtape
cAUErg7-dGg;olga bell;tempo
Ar0B5Qcpqgc;vic mensa;there's alot going on ep
k4GIbeZzyIM;the avalanches;frankie sinatra ft. danny brown & mf doom track
eImoMBuxLyk;flume;skin
3DzaDySzer4;death grips;more than the fairy ft. les claypool track
190SH2l-ulk;pup;the dream is over   (asmr style)
iEO6FWFByFY;moonsorrow;jumalten aika
EEyuuVLuElc;marissa nadler;strangers
73Kl42LqEqM;car seat headrest;teens of denial
508UImyIFu0;modern baseball;holy ghost
kgTq2cC2kUM;kvelertak;nattesferd
lgnyb1PGcWk;kaytranada;99.9%
hYHaK_6IOAk;chance the rapper;coloring book mixtape
Ml54onIX-LU;anohni;hopelessness
MCAtnOD59Rw;gorguts;pleiades' dust ep
leVsj_X8yF8;post malone;august 26th mixtape
SDvIm8A9_-I;skepta;konnichiwa
WOCe4jXeDcY;james blake;the colour in anything
f54M6_5201I;vektor;terminal redux
S35v1xtzdbk;radiohead;a moon shaped pool
4EvKa3-baDI;lil uzi vert;lil uzi vert vs. the world mixtape
IQjPWxS59rA;death grips;bottomless pit
kTqcOApCL8M;aesop rock;the impossible kid
NGUVt3g2J7I;king gizzard & the lizard wizard;nonagon infinity
lnjsDK73jgI;radiohead;burn the witch track
4_U0dGWBHyY;drake;views
SdfSu2LKucs;xiu xiu;plays the music of twin peaks
mkUxFB6jbDc;beyoncé;lemonade
fkZ_8Zvy9Y0;a$ap ferg;always strive and prosper
h_vuv0Oq6jQ;sturgill simpson;a sailor's guide to earth
7p4aLyHdp04;spark master tape;silhouette of a sunkken city mixtape
bRXD2P6UV7M;deakin;sleep cycle
RgzSqtBoP2Y;pj harvey;the hope six demolition project
LpX2hzik6Rw;m83;junk
vruPJVIfa2s;parquet courts;human performance
bfsooZS6v50;deftones;gore
fn6CgvrVAmw;tim hecker;love streams
GlAsfhqp7E8;babymetal;metal resistance   ft. digibro
ollymEkLEyk;babyfather;bbf (hosted by dj escrow)
zfDFz8OmgzE;open mike eagle & paul white;hella personal film festival
Q7PJ9zTAqQQ;explosions in the sky;the wilderness
5aJQIfMufns;ash koosha;i aka i
GtvpT_PO7-4;drake;"""pop style"" and ""one dance"" track s"
TJNRymZmcfY;weezer;titled (white)
jodE2aQpwNw;domo genesis;genesis
wPR7j3RQDYo;various artists;southern family compilation
AYfYvYdlxmc;black mountain;iv
tdGi7dP5zwg;zayn;mind of mine
9MwGVZ9vIbI;young thug;slime season 3 mixtape
qVG21PSiNKA;kano;made in the manor
cGmrG1JAYaQ;the body and full of hell;one day you will ache like i ache
huLP9XM5bok;baauer;aa
7bJL72EL-4U;lil yachty;lil boat mixtape
O-Q6A-xxPlY;the drones;feelin' kinda free
u_sQjEc8--c;iggy pop;pop depression
VStEfKTZd18;denzel curry;imperial
pZzjXiRUDHw;flatbush zombies;3001: a laced odyssey
avUPRabkegM;oranssi pazuzu;värähtelijä
adbXzyNy2lk;bas;too high to riot   ft. luke james
Ln4zXfzJX3I;lemon demon;spirit phone
zyVECdLF2pc;the 1975;i like it when you sleep, for you are so beautiful yet so unaware of it
J3dF8yhnsu0;mr. yote;the terrible tales of scurvy jones ep
ihEG6ut9bWU;big ups;before a million universes
aZc8DokL7PI;wild nothing;life of pause
bLmPfVNEbYM;charli xcx;vroom vroom ep
4fVUAWDmvUw;macklemore & ryan lewis;this unruly mess i've made
KoTfcR2QKGs;yung lean;warlord
orERYdw_JsU;matmos;ultimate care ii
8aApVlBDQ14;joey bada$$;"""ready"" (prod. statik selektah) track"
s7a8WB6lvHI;nevermen;titled
Bn_CTDEucco;santigold;99 cents
UfpcP9JIxqo;animal collective;painting with
zVlcqnrWUT8;porches;pool
hm7jy9HNl3w;kanye west;the life of pablo
oZCWposs7do;lucinda williams;the ghosts of highway 20
9wxdMu-73hw;bones;useless mixtape
C3MiVqatUl0;majid jordan;titled
M082_esTTsc;future;evol
2rXdOEULv9A;beyoncé;"""formation"" track"
81m0BlDyRtM;death grips;"""hot head"" track"
k5c3-No41Ww;young thug;i'm up mixtape
2RokOnZwjWc;diiv;is the is are
tKXfLbBmYlo;bloc party;hymns
-s-U06o04KA;rihanna;anti
yRQ1QZs7Q0w;massive attack;ritual spirit ep
NkEYtSa44z4;chairlift;moth
VhZH6xAzlY8;pop. 1280;paradise
3KciKKu7XP8;b.o.b;"""flat to fact"" track s"
MYpS04XovqU;megadeth;dystopia
Qx7TFoR8UD8;macklemore & ryan lewis;"""white privilege ii"" ft. jamila woods track"
wzI3LfeUGRw;savages;adore life
YFQvT0-mefs;daughter;not to disappear
3lTOkT7BaD4;jesu / sun kil moon;titled
Kr_akDq7CMY;anderson .paak;malibu
b8Z-QjxkZLU;kanye west;"""no more parties in la"" ft. kendrick lamar track"
CvPp5zP6ybA;ty segall;emotional mugger
7HGvtP1so68;boots;aquʌria
uNb39wzdP9U;meridian brothers;los suicidas
3EhF9CZmPHs;hinds;leave me alone
AZD9mJ_yGIQ;david bowie;★ (blackstar)   [r.i.p. bowie]
iQHRtkgi2wQ;kanye west;"""real friends"" track"
cS0bI-chYN8;benjamin clementine;at least for now
JEWru_PBRoc;lil ugly mane;oblivion access
9lnvCOLgQys;kanye west;"""facts"" track"
kXv60xh04aA;krallice;hyperion ep
-mQ5Rj2pyKM;cage the elephant;tell me i'm pretty
QaMpiKZh1fc;radiohead;kid a
ZNzEdcOMSiI;dj shadow;endtroducing.....
IgSqLCEW58E;n.w.a.;straight outta compton
LjNtySatBm4;slint;spiderland
apXInrB6Bh8;bob dylan;highway 61 revisited
_55TxraLHuc;tangerine dream;phaedra
Oi-8UNm9d7U;pusha t;king push – darkest before dawn: the prelude
82-PFGvojgU;baroness;purple
Numr-bT7e6w;willow smith;ardipithecus
DHaaMg8Owl0;christian scott atunde adjuah;stretch music
Djrg-_jfGis;beach slang;the things we do to find people who feel like us
1_TJwc1nFyo;wiki;lil me mixtape
aPS63VGQ8Bk;archy marshall;a new place 2 drown
nuxmYZM4wOA;g;when it's dark out
B184impG_HQ;cavanaugh;time & materials
twoje8x5-R4;coldplay;a head full of dreams
mciOgnITYyA;erykah badu;but you caint use my phone mixtape
y-BGmO5CeHc;sophie;product compilation
CJDcbwpsjU0;kid cudi;speedin' bullet 2 heaven
cICwHv2Pn-g;james ferraro;skid row
pNlMZ7FIz8o;sunn o)));kannon
1PINCtslDvI;animal collective;"""floridada"" track"
FExNHGFlRX4;jon benjamin;well, i should have...*
sNmdm1s4SyM;waka flocka flame;flockaveli 1.5 mixtape
5mBj9dN-8Po;arca;mutant
CfthjMEdEm8;freddie gibbs;shadow of a doubt
kBBMds9cP6Y;adele;25
nL5cIxUHwG8;ty dolla $ign;free tc
PlXuagqoP5I;king gizzard & the lizard wizard;paper mâché dream balloon
Aj7zSILtOYg;anna von hausswolff;the miraculous
p0Mf2bOioec;justin bieber;purpose
WyLYH0s9rHM;logic;the incredible true story
tqsAhkiDVW4;revenge;behold.total.rejection
Y65MsRxYYAs;the garden;haha
2eRDcCJFhX0;goldlink;and after that, we didn't talk
kH4xS9EFZGE;busdriver;thumbs  (mixtape?)
hVjTEGUsl_w;kylesa;exhausting fire
bRDENHaT2lI;grimes;art angels
LiMbXbv2nI4;car seat headrest;teens of style
IvKLOel4jhg;panopticon;autumn eternal
ZcpAk1pu7MM;m.e.d. blu and madlib;bad neighbor
c4ehpj0Yk9E;iglooghost;chinese nü yr ep
eq5naPgB3k8;foxing;dealer
DN7WJIVXX-M;kirk knight;late knight special
PC1_k2jhCTk;twitching tongues;town
B8b-IAwaudA;protomartyr;the agent intellect
afMOGoaN47o;machine gun kelly;general admission
GasAQC2TVcA;joanna newsom;divers
ChDzL7bpI3M;uncommon nasa;halfway
tvavZJRfxH8;the game;the documentary 2.5
HJr7UTqO2Q0;raury;all we need
AA3c4mTl8A4;adele;"""hello"" track"
_ygkBblLHTE;big k.r.i.t.;it's better this way
nPtocY4kuLw;deerhunter;fading frontier
5yl6jZ0Ac0o;beach house;thank your lucky stars
bSF5oUGtqqs;neon indian;vega intl. night school
3e_yNhZMXMU;the world is a beautiful place & i am no longer afraid to die;harmlessness
y8JUeP3ODic;chvrches;every open eye
jBXlxCnGXks;new order;music complete
ZLd80ase-GE;alex g;beach music
KfSSnCZCIqk;the game;the documentary 2   ft. luke james
TdwoYwB_0hk;loma prieta;self portrait
euPwooYyB-I;disclosure;caracal
Db-XqhdOaE8;wavves;v
hDBXZOCsZKI;kurt vile;b'lieve i'm goin down...
aNVJtxegMJo;fetty wap;titled
BrYKiJM8Cx8;black breath;slaves beyond death
B0QFxNYgukM;run the jewels;meow the jewels remix
yE60qIXvHYg;deafheaven;new bermuda
Cu4vSPiwoQw;milo;so the flies don't come
A1z6FLD8yCo;the front bottoms;back on top
PTNTqWto9yA;julia holter;have you in my wilderness
5tkJ1fjgmSI;ought;sun coming down
VqPV3WIfrhU;drake & future;what a time to be alive mixtape
VeJkVOFZfsk;lana del rey;honeymoon
dTf9UyRFMI8;mac miller;go:od am
0YXDSg3PmzY;the underachievers;evermore: the art of duality
EbBnSnO_f0s;battles;la di da di
iu3A2oobvDI;the libertines;anthems for doomed youth   ft. the daily guru
mnD2O7RsqcY;whitey morgan and the 78's;sonic ranch
P5chMXYVv1g;jay rock;90059
zfnPiWbGacg;myrkur;m
dZNbP2WerLA;fidlar;too
75rHMYjYs-c;the wonder years;no closer to heaven
bS3S9siJqdc;iron maiden;the book of souls
CTgwX9ZbsCs;dam;invite the light
q6t5wV7xmVM;travis scott;rodeo
4J4GjCE_KPw;miley cyrus;miley cyrus and her dead petz
GI6S--qXc2M;foals;what went down
afa0WF6Ln44;krallice;ygg huur
wrEf-GoWq54;deradoorian;the expanding flower planet   ft. spectrum pulse
ERDnCulXJB8;macklemore and ryan lewis;downtown track
MOAxsCaBaU4;destroyer;poison season
ceGwAb1HiAY;the weeknd;beauty behind the madness
jjORabLD8Y0;dope body;kunk
-uzLOwBzevU;carly rae jepsen;emotion
bNSgWqhyTfc;beach house;depression cherry
QBm3upSqKvw;cal chuchesta;the new calassic mixtape
NTyqliFaMbk;ghost;meliora
iphA405OvIU;mick jenkins;wave[s] ep
sOt6TERBG-g;health;death magic
Sn9tZQPLxaE;fka twigs;m3ll155x ep
0dc-pNv6gwA;cattle decapitation;the anthropocene extinction
b3wTyu80eVM;grave babies;holographic violence
RhDd_G4nGZ0;dr. dre;compton
xCwJfkGdaFo;chelsea wolfe;abyss
swQI_FNyS6M;lil dicky;professional rapper
WR8zJeHPIXI;lee scott;butter fly
Emyn3FF_V18;lianne la havas;blood
uSLzYLdocHY;pissgrave;suicide euphoria
QPH3sIULI30;wilco;star wars
qVzscNOR2NQ;mac demarco;another one   ft. artv s
JiMbWIN811g;titus andronicus;the most lamentable tragedy
nzBorXsYJlc;sleaford mods;key markets
_exc0-Ah5sU;hopsin;pound syndrome
ew8Sfrvob2Y;injury reserve;live from the dentist office
3rSfhouI9oQ;quelle chris;innocent country
znNz2yNBfUo;corpo;titled
3mw44LC6w08;rp boo;fingers, bank pads & shoeprints
nKdHpRBMsG8;the chemical brothers;born in the echoes
ql4NIKTPJOQ;future;ds2
V6cbfRfO67s;ratatat;magnifique
HF9GqC65Wjo;everything everything;get to heaven
_ASR7i5RPKM;tame impala;currents
_id0tOI2Z2Q;nicolas jaar;pomegranates soundtrack
UabYjGe6xSo;lil wayne;free weezy
DjLOULyrVZs;the internet;ego death
7ZXiqlTUHUY;miguel;wildheart
XfiJ9qQxsA0;meek mill;dreams worth more than money
wkvfJbW31Pg;refused;freedom!
Jx1MaLRuVPo;king los;god, money, war
OZEDRusC7Cw;desaparecidos;payola
eF0CZ1ldn0Q;citizen;everybody is going to heaven
94U3CZxIsyA;czarface;every hero needs a villain
q0Flm7jwj0A;vince staples;summertime 06
N4N5E0yp2EA;lil ugly mane;third side of tape
OmCh25XgF9A;thundercat;the beyond / where the giants roam
sS6l2zUu3B8;ken mode;success
sxqtYnLxU0E;mewithoutyou;pale horses
QvnsZyoxXjY;ash koosha;guud
oN6a23b1MrI;hudson mohawke;lantern
ZzqZViemU9Q;denzel curry;32 zel / planet shrooms
qoxjzGypOAA;high on fire;luminiferous
7jKEYrJTVQI;florence + the machine;how big, how blue, how beautiful
QGS7Med4jsA;muse;drones
iUnCdrJFfy0;sun kil moon;universal themes
2fa2GpSFAJ4;jamie xx;in colour
f8Cl5FgMsKY;thee oh sees;mutilator defeated at last
8V0L9Sv18TE;algiers;titled
XuGxAHOUyIw;donnie trumpet & the social experiment;surf
615xR8TVbn4;unknown mortal orchestra;love
Yx9J4diol8s;a$ap rocky;at. long. last. a$ap
nPP1YYoNNAo;hot chip;why make sense?
cSg87drcKlw;hop along;painted shut
YHwE4pMld1c;dr. yen lo;days with dr. yen lo
mnZbtlbBPT8;shamir;ratchet
LO9MLBfOb9c;twenty one pilots;blurryface
t0tJhzj29Zc;prurient;frozen niagara falls
RkU0mRFQ2AI;faith no more;sol invictus
8B4tHaw6Hb4;jim o'rourke;simple songs
qE-RSAy3nZM;blanck mass;dumb flesh
c2HOlow4F0Y;snoop dogg;bush
pFCy16vPT7c;holly herndon;platform
D46urKgzDbY;peste noire;dyable
TBgmf37MGtg;hiatus kaiyote;choose your weapon
VvKeBjz1NYI;the tallest man on earth;dark bird is home
c3PFKqZXmkU;wale;the  about nothing
fIJvY0sOP7E;torres;sprinter
cRekLSSWhtg;kamasi washington;the epic
tTt7YDzH054;blur;the magic whip
BfetFfARwv4;paul de jong;if
6HLTXL-s4J8;colin stetson and sarah neufeld;never were the way she was
8quP0JNiFSg;yelawolf;love story
KdbAYLHLUZ8;tribulation;the children of the night
x6Lis-8oaCU;toro y moi;what for?
pTZXb28CM_U;marching church;this world is not enough
5NptvA4PyEI;alabama shakes;sound & color
Aa2NmA9LlsY;young thug;barter 6
I8ZvRBl6zfA;dance gavin dance;instant gratification
md484TdkZ5c;squarepusher;damogen furies
K9x6-CzjbsA;the mountain goats;beat the champ
YxqQ9e8MYgE;drenge;undertow
MGJyb8YuUvY;death cab for cutie;kintsugi
e2rexvDHPZs;tyler, the creator;cherry bomb
N5Q1qj8qNpc;twin shadow;eclipse
pzeeahvMiUM;tyler the creator;"""fucking young"" (and sorta ""deathcamp"") track"
t5OplI_vGFU;shlohmo;dark red
oX56GvWAGY8;young fathers;white men are black men too
I6wrqIndfJM;courtney barnett;sometimes i sit and think, and sometimes i just sit
mU0Gw0_u1ok;billy woods;today, i wrote nothing
hxfr_YEbfYg;portico;living fields
VDScLq5WdkE;purity ring;another eternity
WG7xw2UiKwc;earl sweatshirt;i don't like shit, i don't go outside
YGN8GB_mnQU;liturgy;the ark work
PHQ5pGHLOXY;action bronson;mr. wonderful
UlLR657vwic;godspeed you! black emperor;asunder, sweet and other distress
JFGKCtnjrDU;sufjan stevens;carrie & lowell
yKyWZeiRe8c;death grips;the powers that b (niggas on the moon / jenny death)
B5OHCV2rVX4;laura marling;short movie
qTmHuavOXNg;kendrick lamar;to pimp a butterfly
k1qQr-X_GLE;ratking;fill  / mixtape
2JVBUPfxD44;modest mouse;strangers to ourselves
DiFm53BrlOE;of montreal;aureate gloom
SUarppg_rwY;muse;"""psycho"" track"
iK9WuSWDc1M;death grips;"""on gp"" track"
AhHAO9_Oxgo;clarence clarity;no now
medwB35qz_A;lightning bolt;fantasy empire
LHShxTVDv7E;steven wilson;hand. cannot. erase.
eEDfCQ0cF-8;heems;eat pray thug
PiW8pFjOIUQ;kanye west;"""all day"" track"
JKM79q5lKVM;leviathan;town
2aX-AqRgjIo;pile;you're better than this
6ygh9uA_blQ;cannibal ox;blade of the ronin
dLV5i15nz4Q;fashawn;the ecology
J6FSd14ATB4;jeff rosenstock;we cool?   ft. cal chuchesta
cw9WIp0np44;swain;heavy dancing ep
OzQmLfChVe4;dan deacon;gliss riffer
GFazQdsIxDw;negură bunget;tău
cKmbySC3V6U;big sean;dark sky paradise
w6bDXhZNHvY;the pop group;citizen zombie   ft cal chuchesta
RmWexPrl6Ys;screaming females;rose mountain   ft. the daily guru
NXwhaTEW9Vc;theesatisfaction;earthee
hehR6VpW-lk;adventures;supersonic home
6XOgZ2qp9us;badbadnotgood & ghostface killah;sour soul
fW60RaP67qU;drake;if you're reading this, it's too late  / mixtape
aSoVb3Wkjak;your old droog;kinison ep
K0OKHJ3K8qs;pond;man, it feels like space again
_TCbKdhYsXM;father john misty;i love you, honeybear
4C2TRjy9oVQ;open mike eagle;a special episode of ep
E_rFDt6hVfc;matana roberts;coin coin chapter 3: river run thee
J5RTivkcdnA;john carpenter;lost themes
MIvCSukQN9c;zs;xe
yREeV_Efnw8;xibalba;tierra y libertad
rajg9r684ik;mount eerie;sauna
ibMp5-ItAFo;title fight;hyperview
rTrT9V6MJeQ;björk;vulnicura
khuhS6vAny4;lupe fiasco;tetsuo & youth
EXux7PJ4fMI;napalm death;easy meat
GhWy8s2oc3E;belle and sebastian;girls in peacetime want to dance
X-qtbMsHk3s;joey bada$$;b4.da.$$
ONikj9CXwrQ;marilyn manson;the pale emperor
46jHFBgvZJ4;panda bear;panda bear meets the grim reaper
O-U2u1zZEeo;sleater;no cities to love
nwy-MpYk9Z4;viet cong;titled
LPoDXPVw2xA;death grips;fashion week
DsI6j_egLdo;roland kirk;i talk with the spirits
wuE3plpz5Ho;kate bush;hounds of love
Xqg8mMorzYM;iron maiden;the number of the beast
uqpCalgg6Sk;kraftwerk;europe express
mvesWVSlyw0;a tribe called quest;the low end theory
8M_Z-HV9dgA;joy division;unknown pleasures
GmzkeqZ3AW8;d'angelo and the vanguard;black messiah
zS4mavnAaiQ;hail mary mallon;bestiary
mlRsRQQ_zsw;og maco;og maco ep ...mixtape
XzBUvxTZfEo;death grips;"""inanimate sensation"" track"
QIRlgm2zkec;foo fighters;sonic highways
ieHgriwZvJ4;wu;a better tomorow   ft. daren jackson
oOhcHU0AoWs;full of hell;full of hell & merzbow
gZDyjNRDu_c;j. cole;2014 forest hills drive
Ib0KEfPQQ7I;ghostface killah;36 seasons
frlWC9ptkX8;the wytches;annabel dream reader
AOhs5HQdYkU;various artists;shady xv compilation  (disc 1) ft. steven francis a.k.a. therecordspins
D9SbjbFwaek;a$ap ferg;ferg forever mixtape  ft. cal chuchesta
5QhXTgpazuI;clark;titled
Zfwb4JxJU7M;andy stott;faith in strangers
yfLG6UBCSEU;mr. oizo;the church   ft. cal chuchesta
mAR0nohgf_k;tvotr;seeds   (tv on the radio) ft. the daily guru
OAbaZQPj97o;i am your destruction;titled
ZyzFR9bCT_E;pink floyd;the endless river
1vBkD8S8kNU;megaton leviathan;past 21: beyond the arctic cell
cNoSHuF5mac;sterilizer;titled
gqmSyACe8do;ariel pink;pom pom
SnGDdI4hkLE;iamamiwhoami;blue
ue5sLcwJpyU;dean blunt;black metal
87YplHEgJ2c;pianos become the teeth;keep you
VBFkzgB-9zQ;azealia banks;broke with expensive taste
JKMyr5J9J-Q;wildbirds & peacedrums;rhythm
EdX73QXbBmk;kayo dot;coffins on io
j8AtABx7z-k;big k.r.i.t.;cadillactica   ft. cal chuchesta
3SA8qhEpSTg;arca;xen
2cOnW7CRGWw;the world is a beautiful place...;between bodies ep
IcU_E2quVBQ;deerhoof;la isla bonita
ktiEB7Svutg;slipknot;.5: the gray chapter
DmjuddymqGM;black milk;if there's a hell below
-JypvZFqPuM;pharmakon;bestial burden
uNgQD02sJYc;botanist;vi: flora
f7xmVw419fs;panda bear;mr. noah ep
ywdF8ixPCQ8;clockwork indigo;clockwork indigo ep   (flatbush zombies / the underachievers)
guCMYIlKSac;royal blood;titled
oiNIJAQWUbY;run the jewels;run the jewels 2
I3tRZOln8KY;dope body;lifer
GOiKwhasaNA;logic;under pressure
EUVXJjKeHek;vince staples;hell can wait ep
JIpJwefNiNo;scott walker + sunn o)));soused
F0FDvjCOCTQ;sir michael rocks;banco
ndeO80edrZA;foxygen;...and star power
RuCv_Nt7Bkk;godflesh;a world lit only by fire
2x3B4W2FVkI;my brightest diamond;this is my hand   ft. cal chuchesta
Uge_eyjwPYw;weezer;everything will be alright in the end
P0C3V8Acjcw;alt;this is all yours
hdLOjt50fbY;electric wizard;time to die
yAksbBrYYsk;childish gambino;stn mtn / kauai mixtape & ep
vac3FDyjb5M;caribou;our love
kU0bLYmMk6M;badbadnotgood;"""velvet"" track"
q_gBZFYXHQI;sun kil moon;"""war on drugs: suck my cock"" track  ft. very naughty nsfw words"
wNussZSa3xU;clipping.;"""something they don't know"" ft. sb the moor, nocando, open mike eagle track"
BEfIWtvNlw8;a$ap rocky;"""multiply"" ft. juicy j track"
vBHEEDUkme8;flying lotus;you're dead
i92M9lzXQFM;sbtrkt;wonder where we land
Up6qz8TLGYE;iceage;plowing into the field of love
Y7seq3mi-hY;shellac;dude incredible
NN1P-fPxZ7U;thom yorke;tomorrow's modern boxes
2IS6hJ5b2_k;perfume genius;too bright
M6eB1cUUQds;interpol;el pintor
T_Xo9WU4vVM;julian casablancas + the voidz;tyranny
hbTZCS0zxIA;milo;a toothpaste suburb
FUvNMHqhBC4;busdriver;perfect hair
r7-5Ct4eQho;aphex twin;syro
ynbx6v23iyQ;banks;goddess
Oycn5qvjymU;nehruviandoom;titled
eEceQPaQz9U;kendrick lamar;"""i"" track"
YXwUeKjG9gI;yung lean;unknown memory
TUPDn9rrY1o;earth;primitive and deadly
-Ig5-BSXy_8;death from above 1979;the physical world
G1XV3yV7jpQ;aphex twin;"""minipops 67 [120.2] [source field mix]"" track"
wANaO05CubY;iceage;"""forever"" track"
Kz-87B9GU6o;flying lotus;"""never catch me"" ft. kendrick lamar track"
uO9NekVxKxc;julian casablancas + the voidz;"""human sadness"" track"
i6Al4qaREwY;the bug;angels & devils
W_wb5Tk9fRs;blonde redhead;barragán
BaIc7rttYEc;opeth;pale communion
4lsuigFrAjY;code orange;i am king
o6Dc8yIZuM0;zammuto;anchor
aXou_Y-8fcQ;ty segall;manipulator   ft. the daily guru
OUzEUsNepC4;travi$ scott;days before rodeo
-9H3gaVgbUs;rustie;green language
K-o3nS4o1Eg;raury;indigo child
b9tESaZ6hFc;pallbearer;foundations of burden
S47nKJ8n0tk;uncommon nasa;new york telephone
-obIKHZvohA;michael cera;true that
7z-GBzgZ9Y8;bölzer;soma ep
HtCwSGD4HMY;armand hammer;furtive movements ep
gt70XZHH5AI;watsky;all you can do   ft. cal chuchesta
d9sGdZvF_R8;antemasque;titled
zI6H-QWAZog;spooky black;leaving ep
LriAU0of3u4;fka twigs;lp1
raY3t5Ukt4k;mick jenkins;the water[s]
XwouQHOyOQA;the underachievers;cellar door: terminus ut exordium
Sy_7oh4_kXw;otis brown iii;the thought of you
A4YA1ugNEaM;porter robinson;worlds
8p4Lcyby3ZQ;partynextdoor;two
0-kjcZRAxcs;spoon;they want my soul
Io2VKXBb-X0;mellowhype;insa  / mixtape
mwy5YyWse4I;jenny lewis;the voyager
LkUQX0Gqo6Q;kyary pamyu pamyu;pikapika fantajin
O5WQNBn9q8g;common;nobody's smiling
cLgarIGTAe0;neil cicierega;mouth sounds / mouth silence  s
kjSTPQQg194;joyce manor;never hungover again
ZWh7Ns1iS8w;how to dress well;"""what is this heart?"""
kG_nR0Pcywg;fallujah;the flesh prevails
yW5O5RREgHo;various artists;coalmine records presents: unearthed compilation
yAvxIjuOF6E;alvvays;titled
pd8EVQgm_DQ;shabazz palaces;lese majesty
GMddfZCiiQ4;morrissey;world peace is none of your business
dbP8F2bnfIc;"""weird al"" yankovic";mandatory fun
LvI4plyRcrs;shlohmo & jeremih;no more ep
Wc1nLKO2daI;la roux;trouble in paradise
NDq4wuxZdh0;the orwells;disgracedland
WciHRKHwBuA;panopticon;roads to the north
qy-tfRCoGGc;deadmau5;while (1 is less than 2)
PiL_FfqyVfk;sia;1000 forms of fear
vekiCfWRstU;wolves in the throne room;celestite
SRC5BGunQ7s;lazer/wulf;the beast of left and right
iPquW4HcwV0;wreck and reference;want
k7x2jymh2RY;pearls negras;biggie apple ep / mixtape
M0EU9vXGHgk;a sunny day in glasgow;sea when absent
3MnBA__QrfY;usa out of vietnam;crashing diseases and incurable airplanes
BqH_kA0BN98;apathy;connecticut casual
Lyf7TP5pdYQ;mastodon;once more 'round the sun
VRclyW74J_k;ab;these days...
r4Wtbsz3EkU;open mike eagle;dark comedy
f-b5PravLXk;the soft pink truth;why do the heathen rage?
2XdD_BJ5D18;caustic window;titled
26axVHigRdY;lone;reality testing
mM3eEJeQih8;zelooperz;help mixtape
VezTFmabGWo;death grips;the powers that b pt. 1 a.k.a. niggas on the moon
SXDRPJLqh8Y;lana del rey;ultraviolence
QVtTjuLERT4;bones;garbage mixtape
9fIpMIsf_o0;mayhem;esoteric warfare
__MzJoGgYLk;jack white;lazaretto
0k_hTuQiU8E;trap them;blissfucker
Blz9I0q2Hq8;ben frost;a u r o r a
Od3bBCq5mkY;blu;good to be home
QZkHxln2jQw;parquet courts;sunbathing animal
Rhxuyujfep8;riff raff;neon icon
FihAfj0FALk;coldplay;ghost stories
su4ZsUDJWcQ;clipping.;clppng
k53xc1uVMXM;eyehategod;titled
VFBMewMCCxQ;sharon van etten;are we there
A46QN81TRQc;owen pallett;in conflict
CvqtFg4CDLc;trash talk;no peace
RQIuDXJTGbc;pink guy;titled   ft. nsfw content and swears
7BByISrInfI;the roots;...and then you shoot your cousin   ft. the daily guru
jQfCJVAwFL8;tobacco;ultima ii massage
fopTU6h2tjU;vallenfyre;splinters
WX1qWv05ILU;chromeo;white women
8NQyDKbGVOg;swans;to be kind
-qsmQxWkiAs;ibibio sound machine;titled   ft. my son
KVD4K6dQ5ss;little dragon;nabuma rubberband   ft. sweet animation from generaldom
CklabgHYnGA;the black keys;turn blue
RjWLVFVlof0;mac miller;faces mixtape
U6Zbc8Q3Jgo;lykke li;i never learn
4-Ds7dKjIRE;damon albarn;everyday robots
h64DvnMaCnU;andrew jackson jihad;christmas island
sVZ5oiYKc5g;badbadnotgood;iii
RO4Gc_tF6Ck;sleaford mods;divide & exit
PhCE3XxgHSQ;ought;more than any other day
d1kwJtkFtwA;future;honest
yS27JEUJXXc;tune;nikki nack
5O52mY0F9LQ;lord mantis;death mask   ft. offensive nsfw  art
rw4YjdWaswE;pixies;indie cindy   ft. silly bars
scJ9fS5S7bo;pharoahe monch;p.t.s.d.
qUFXgTdYBwk;john frusciante;enclosure
71iEgW0ABhY;chet faker;built on glass
B42U6Puyx7U;the hotelier;home, like noplace is there
rJ-GxWyqnu0;carla bozulich;boy
W1APvyVVm-4;thantifaxath;sacred white noise
ku9BgerCj_k;lil herb;welcome to fazoland mixtape
VbXaF5EmTFk;idylls;prayer for terrene
TSgrGqOIXGw;girl talk & freeway;broken ankles ep
-yAzXtjPqR8;cunninlynguists;strange journey vol. 3
xTnE5MpqHvI;todd terje;it's  time
97v_pftI5yM;sza;z ep/  ft. cakes da killa
u8_m_s9NhLk;ratking;so it goes
Fex6mMwSN3c;sisyphus;titled
dXDCTqOPNqs;cloud nothings;here and nowhere else   ft. sami jarroush
dpO20mTsOpQ;avey tare's slasher flicks;enter the slasher house
I4YvFQPplxQ;off!;wasted years
axr3eLz-URQ;tony molina;dissed and dismissed
csJSEJmKjYc;timber timbre;hot dreams
Yc6e--9NCOs;white hinterland;baby
nQ9h3KOYNhY;mø;no mythologies to follow
UuvtAqrcSOo;mac demarco;salad days
mM40Rp0m5AA;nocando;jimmy the burnout
MO_DTx7DOTo;planningtorock;all love's legal
l7ovkjrJFMI;planningtorock;all love's legal
_md4DdqwOtM;yg;my krazy life   ft. big ghost
T2i-R2Bru2s;onyx;town
MBkph9YoG8w;wild beasts;present tense
19ecDCf3iLY;liars;mess
a1eL0IQk5VI;skrillex;recess
UT4gpKs2G8Y;big ups;eighteen hours of static
Zr4YJIqx31c;future islands;singles
lQ3OTq63SDY;the war on drugs;lost in the dream
ZFQzmNCJh6I;evian christ;waterfall ep
zWJVs2acHZg;tycho;awake
H2fc-AaU0Sw;freddie gibbs & madlib;piñata
_7Rfp95Jcw8;la dispute;the rooms of the house
CRPhFCPbrpQ;pharrell;g i r l
s6WkQrRC35c;migos;no label ii mixtape
HdRbrgxxBuU;real estate;atlas
1WP-MMO45NY;white suns;totem
OJF5NhmcWc8;rick ross;mastermind
BrAgo1Qh4uk;beck;morning phase
qP2hHvB4d_Y;st. vincent;titled
FPsrNDt81aM;schoolboy q;oxymoron
L8IsRJlOFzU;sunn o))) & ulver;terrestrials
BxUup9eAILs;temples;sun structures
JQbidnJumDs;artificial brain;labyrinth constellation
ZTIJvNmsQgo;sun kil moon;benji
36W_fuo6k4s;angel olsen;burn your fire for no witness
nzO5rysgAQs;xiu xiu;angel guts: red classroom
J_fZGm7NHbE;glitch mob;love death immortality
oZsH0U3tZbA;step brothers;lord steppington
5pfUULxVoSU;behemoth;the satanist
RzWl53ifcms;isaiah rashad;"cilvia demo  / mixtape / ""ep""?"
D5GI7_pGOJ0;young fathers;dead
7VTfz-V5JeA;actress;ghettoville
NRYIEL8sSdE;have a nice life;the unnatural world
jVQJa_aVypc;an autumn for crippled children;try not to destroy everything you love
qckTUjyzNPg;indian;from all purity
IUd5YFoXCl8;mogwai;rave tapes
0ZA29cQNoQc;against me!;transgender dysphoria blues
I_UR-FF5h2I;silver mount zion;fuck off get free we pour light on everything
MQDRPhGU9_k;murmur;titled
a6tuB0ksw18;nils frahm;spaces
ZKU98ZjIwOU;lee bannon;alternate/endings
ZxB8txjcYzM;xiu xiu;nina
n6xdDoeRlI4;calvaiire;forceps
od6nfOOtyK4;beyoncé;titled
xM2MIevm9Kk;nina simone;pastel blues
voklugoW7e0;prince and the revolution;purple rain
EuokTnCkrKg;fugazi;repeater
IommIsihl6c;johnny cash;at folsom prison
zaumyfPx3Ao;the velvet underground & nico;titled
djD3ed7JwiY;burial;rival dealer ep
OLWOPLSto9s;hellfyre club;dorner vs. tookie compilation
qXvyxrarDxw;future of the left;how to stop your brain in an accident
i2uzq3A9YbU;childish gambino;because the internet
v7F2qoZkNIo;gesaffelstein;aleph
rwZLiOQbEPM;arabrot;titled
8nOe4cyttnQ;hopsin;knock madness
x4of2hBNPpo;da mafia 6ix;6ix commandments mixtape
OlB6Wvq3YtM;sadsic;titled   (quick)
ElxzDYTLs7k;quelle chris;ghost at the finish line
oc5cWsoV3ho;blood orange;cupid deluxe
hwEA9vhpQDA;sky ferreira;night time, my time
gdXGEworpCI;soupcans;parasite brain ep
IhzS6Du5-nI;moonface;julia with blue jeans on
-v5hKxV70-0;m.i.a.;matangi
_g2wiO5w0dc;daniel avery;drone logic
Ca1tyVTGf3w;death grips;government plates
2lR7MWjLGDU;lady gaga;artpop
BVAuofrPpfU;cara neir;portals to a better, dead world
KLSF6OExWec;action bronson & party supplies;blue chips 2 mixtape
XjSjgPvaqgw;the debauchees;big machines and peculiar beings
K2uBdDrUIqU;eminem;the marshall mathers lp 2
wXYj6ExDLaY;black milk;no poison no paradise
tCGtdhEqO8A;four tet;beautiful rewind
tSkKa5OQWfM;sisu;blood tears
I0G9Uw0QVYM;arcade fire;reflektor
XHFtvJ7cPHc;glasser;interiors
Od7fLNhEecM;cage the elephant;melophobia
PxeVDCXOoos;toxic holocaust;chemistry of consciousness
JNyoitGE2cc;afi;burials
OJkmhEfwrnk;shad;flying colours
ZyuHpnylj38;armand hammer;race music
WedevnI57u0;cults;static
ywhjLNIup10;the dismemberment plan;uncanny valley   (quick)
daDLgR6kxSM;eminem;"""rap god"" track  (""berzerk,"" too!)"
YzjLq2AoWv8;tim hecker;virgins
00f6tOy38I8;chvrches;the bones of what you believe   (quick)
u3BWyaejZX8;oranssi pazuzu;valonielu
7UkObDLYo1Y;melt;fetch
bSLHjrxd8GI;fuzz;titled
yo_TlAJmldA;haim;days are gone   (well, a link to it...)
osgjyexGTEo;pusha t;my name is my name
k9X1u7H_JcU;of montreal;lousy with sylvianbriar
h_7zG3XQTSo;darkside;psychic
MapvwWsSYco;haunted horses;watcher
Nb8p-hRWpXE;lorde;pure heroine   (quick)
GYaVI3fLFz0;danny brown;old
313T1dQJ8fk;oneohtrix point never;r plus seven
0sHytIgfhnU;mazzy star;seasons of your day   (quick)
FRHf92JDVSQ;touché amoré;is survived by
nk-QWzy6ihQ;drake;nothing was the same
PVvK_xMD8n0;bill callahan;dream river
jZUq4bsM2VY;flatbush zombies;betteroffdead mixtape
BDEDC-KNewI;machinedrum;vapor city
rmE2I04VFX0;kayo dot;hubardo
C-R3xTRHw9M;mgmt;titled
HJ4X8Zuovrs;crystal stilts;nature noir
V2T25eBfJng;the weeknd;kiss land
TxBRICiy0KU;denzel curry;nostalgic 64
u3qbwIl1l-Q;janelle monáe;the electric lady
28ikdznA3lc;factory floor;titled
02FAk9TYCas;holy ghost!;dynamics
a7VwXB21fQ8;arcade fire;"""reflektor"" track"
oefX916-gYw;chelsea wolfe;pain is beauty
DXl_9cCuaAU;nine inch nails;hesitation marks
Vcjy0dr42gc;arctic monkeys;am
kfGzy69KKe4;dizzy wright;the golden age mixtape
EMYmf-RZql0;holograms;forever
93EA4JIEgWI;jonathan rado;law & order
mU5d-KfXDNg;yc the cynic;gnk
XV6nHQJMe7g;gorguts;colored sands
CYKt8BRwoDc;the underachievers;the lords of flatbush mixtape / ep
9W7aWYbjd6c;dawn of midi;dysnomia
kVZXrqUYKyA;king krule;6 feet beneath the moon
YFTUk2n9QCU;a$ap ferg;trap lord
RrqqzJfc6qk;death grips;"""birds"" track"
aqANxjB58wA;julia holter;loud city song
VfeDoYdR2po;earl sweatshirt;doris
zxL1xbQa20k;no age;an object
FK0W-k8K2ew;washed out;paracosm
ZTneUDSEF2I;big sean;"""control"" ft. kendrick lamar, jay electronica track"
WlKQsXvfcds;toad;endless night
7mDFyxgWRcg;modern life is war;fever hunting
YUJdtb1j1jM;tech n9ne;something else
drEvNUbqbPs;dead in the dirt;the blind hole
sJbkuz8zMyo;candy claws;ceres & calypso in the deep time
Jl9trkoRjMM;sampha;dual ep
VBtBgCyA8BE;alunageorge;body music
Rm2A0VHzeXM;all pigs must die;nothing violates this nature   (quick)
IHXn82SEoLY;ka;the night's gambit
YHg5pYYEjRs;edward sharpe & the magnetic zeros;titled
RmsKkUKturk;arca;&&&&& mix
EC9-QwUEaoc;fuck buttons;slow focus
Pkat6FdK-oU;stone titan;scratch n' sniff (mini)
3YCde5yysF8;hopsin;"""ill mind of hopsin 6"" track"
_MGNJbLc1wI;letlive.;the blackest beautiful
VZ2VfOOAyow;lycus;tempest
xNS2lFLHedE;yung lean;unknown death 2002 mixtape
JbNpHx9cX3I;milo;cavalcade mixtape  (quick...not really)
G_sH1C5MjzQ;mariam the believer;blood donation
dx0GKBjt8io;ghostpoet;some say i so i say light   (quick)
ScrgMsVv5bI;jagwar ma;howlin   (quick)
U-f5nFg-8Sk;autopsy;the headless ritual
YeHgbYZm6H0;james holden;the inheritors
wBgqAKxujkE;jay;magna carta... holy grail
wxH8Q4b-0gg;billy woods;dour candy
qvTJQU4nyqU;run the jewels;titled
TKeH0PM48EI;joey bada$$;summer knights
wM5ShDIxgaQ;jarren benton;my grandmother's basement   (quick)
N1_k2ikvXkc;kyary pamyu pamyu;なんだこれくしょん)
RwthMKGN99A;daftside;random access memories memories remix
GINcxJ20efI;locrian;return to annihilation
EWDeqO7tndU;black sabbath;13
Ce07L512gG4;smith westerns;soft will
2wRSAdDdUS8;havok;unnatural selection
JSjc0XzeImg;j. cole;born sinner
XdiGRpg1Row;mac miller;watching movies with the sound off
O6HlyfasxKE;zomby;with love
IYgx27ANvVo;sigur rós;kveikur   (quick)
lieY0VQtFiE;power trip;manifest decimation   (quick)
7CDFaYbl7L0;melt yourself down;titled
Vns-81egipQ;kanye west;yeezus
KmiwDR2W2T8;jon hopkins;immunity
F4idnSlZeWc;mount kimbie;cold spring fault less youth   (quick)
NUv6sK-7POE;mr. muthafuckin' exquire;kismet mixtape
pyVm1-MZ5Mc;action bronson;saaab stories ep  (prod. harry fraud)
YNR8gi8WxmY;young fathers;tape two  / ep / mixtape
LvZ7ZQ_USuA;primal scream;more light   (quick)
k-37V-1igRw;boards of canada;tomorrow's harvest
cT-jGQ2bpgg;pharmakon;abandon   (quick)
95Y5IyPsMpc;thundercat;apocalypse
98AjeD_2AFc;laura marling;once i was an eagle
w33XqeTSNeg;disclosure;settle
5uvj_3nd5kY;queens of the stone age;...like clockwork
rzolEHmXNBE;deafheaven;sunbather
CDLs0XZiE8A;bibio;silver wilkinson
lNat70LnRuk;quasimoto;yessir whatever
drLldJfKOGs;baths;obsidian
qsyAV70z5K4;the world is a beautiful place and i am no longer afraid to die;whenever, if ever
ijsQkQwNKzs;travis scott;owl pharaoh ep / mixtape /
ev49SUoNyrQ;classixx;hanging gardens
DYjFU8zATdc;this routine is hell;howl
gx6YSnW3tUc;anamanaguchi;endless fantasy
5gDORqcKe2c;the national;trouble will find me
tTUBoFVi-HY;daft punk;random access memories
sEVQ4ZFxZxM;the dillinger escape plan;one of us is the killer
U2oWxvgeboY;vampire weekend;modern vampires of the city
wG034hgGvis;co la;moody coup
0fgfTrHZGlY;charli xcx;true romance
7jZ7aMkv59U;the uncluded;hokey fright
zIIuA6__2RQ;phoenix;bankrupt!
akI3DOvH2OA;little women;lung
vwsM7UihYoY;altar of plagues;teethed glory and injury
pLGKl1e5_WM;chance the rapper;acid rap
fMWT7_SsowU;r.a. the rugged man;legends never die
16QuI9jkn7w;savages;silence yourself
dFDF8bMJ-NA;the haxan cloak;excavation
W3v3SPfkTzE;jenny hval;innocence is kinky
ooUmHvnjmwg;iggy and the stooges;ready to die
MYJHHxjlwOQ;colin stetson;new history warfare vol. 3: to see more light
BSKuO06eluM;deerhunter;monomania
rTiya-mIJUU;soap&skin;"sugarbread 7"" ep"
s0DvP63D0B0;yeah yeah yeahs;mosquito
TJEvrZHcEMY;ghostface killah and adrian younge;twelve reasons to die
oA_9nhU65Ts;kid cudi;indicud
D3ZoR4mwdnw;kurt vile;wakin on a pretty daze
paeXfCrBNqs;phosphorescent;muchacho
dLSyfSJ00VQ;thee oh sees;floating coffin
UO3iVVkcf9A;ghost;infestissumam
7_OZ4Bsyipk;big k.r.i.t.;king remembered in time
7VLIVkZyCgY;makthaverskan;ii
dYLX9FtIzN8;the flaming lips;the terror
D4sv3XN9-Ag;bring me the horizon;sempiternal
vAA_szh6cDg;james blake;overgrown
p5PwUsqFfuE;the knife;shaking the habitual
kCqxe3bhBqQ;the black heart rebellion;har nevo
nzqQJIk4TYo;the mary onettes;hit the waves
aspbCJ68zqY;tyler, the creator;wolf
-PdB0GnBrtU;wavves;afraid of heights
yuMJBV-efV8;lapalux;nostalchic
6KelOf9JfaY;kvelertak;meir
e_c7Fh4dL0c;bonobo;the north borders
Q7UfcEtU8AM;the drones;i see seaweed
POLivKAD5wg;ken mode;entrench
ylHizJmmJM4;justin timberlake;the 20/20 experience
1wcik0kXxng;david bowie;the next day
plxG23-nifs;the strokes;comedown machine
aEPCT7qnE04;dope body;saturday ep
8cyqJakd27c;nails;abandon all life
THDwpjCNaSY;vampire weekend;"""step"" / ""diane young"" track s"
mHicFE6i0nE;rhye;woman
04flJC_4pv8;autechre;exai
Fm8qgVeig3g;the men;new moon
aDn2lSqXhe4;shlohmo;laid out ep
mP7tl9-luZE;steven wilson;the raven that refused to sing (and other stories)
sVKjoQMZCfU;czarface;titled
3Ckbk-P7JxM;darkthrone;the underground resistance
C6ptrREuJGA;strfkr;miracle mile
-E3BVFqsD2s;grave babies;crusher
UkJfb2np5JA;clipping;midcity
DyJKBHILnx8;atoms for peace;amok
p0-ZLyefddQ;iceage;you're nothing
tJqnPRuIdmQ;nick cave and the bad seeds;push the sky away
KbSMVxEPb-8;beach fossils;clash the truth
Rv3qVx2fUCU;portal;vexovoid
VOBkVDol1zw;tyler, the creator;"""domo 23"" track"
rqhDWs4-Pxc;baauer;"""harlem shake"" track"
yBGd3VCdqII;grouper;the man who died in his boat
XiSU9xDyJc0;pissed jeans;honeys
IV0FxPl098Y;foals;holy fire
VysUDwL62z4;veronica falls;waiting for something to happen
Ki_jLJWcCYI;the underachievers;indigoism
EEY6WYtxZFQ;my bloody valentine;mbv
1WnqvDivfDg;unknown mortal orchestra;ii
Fcw5GlQwoXE;dumbo gets mad;quantum leap
NczoVKmb1xs;cakes da killa;the eulogy
S8WH_9n6x9w;tegan and sara;heartthrob
zxbcZUAP1nc;tomahawk;oddfellows
fS-cFt887Po;california x;titled
uLVuvJY_AkY;the strokes;"""one way trigger"" track"
TJbUkULlkMk;local natives;hummingbird
5WPD-GvKG3w;buke and gase;general dome
CYCHwDRCm2I;comadre;titled
XRYppTnvr7g;ttng (this town needs guns);13.0.0.0.0
spFbZHM9pjY;nosaj thing;home
FgYUNnepnzE;cult of luna;vertikal
K27cGZKlxJo;villagers;{awayland}
o6bkUlYcLD8;foxygen;we are the 21st century ambassadors of peace & magic
Ls07Jjbo_O0;yo la tengo;fade
jHUsBoVOxzE;toro y moi;anything in return
P__GsC98jPw;the progressive era;peep: the aprocalypse
Zel8mYBDrZg;circles takes the square;decompositions: volume number one
4ZFpIxySk6w;a$ap rocky;long.live.a$ap
Aq-kK9XNebo;milo;things that happen at day / things that happen at night ep
5XfIPy6iJsw;miles davis;bitches brew
iG_0Exs9jTQ;my bloody valentine;loveless
CEpKouCO6L8;king crimson;in the court of the crimson king
-7_UEorW3Vg;dead kennedys;plastic surgery disasters
u7JPMQkVuMo;madvillain;madvillainy
nfoc1wvKUHc;sufjan stevens;silver & gold
qEQV9tWfnEU;lianne la havas;is your love big enough?
K8OJ5BC-7Xg;burial;truant / rough sleeper ep
0fRWxAV3Eik;chief keef;finally rich
fGIJCX1Yitc;the game;jesus piece
tXGSh8nk2b4;miguel;kaleidoscope dream
9F0z05m0oM0;p.o.s;we don't even live here
rJLVNSw3hDU;roomful of teeth;titled
DtTUPKKeU8c;dragged into sunlight;widowmaker
yGrlhEmZZVc;scott walker;bish bosch
qrfnaR4adiI;wu;titled
hFP3nE2MB0E;code orange kids;love is love // return to dust
kbmrV7CIa28;heems;wild water kingdom
f0D9IyyeEEU;macintosh plus;floral shoppe
nakdorPK09o;angel olsen;half way home
jEZ5gdmUa4w;bad brains;into the future
lMMpw5VCywc;tim hecker and daniel lopatin;instrumental tourist
DNzZfBfBjoU;the evens;the odds
aVCMiepR6wA;captain murphy;duality
1X9VpeohkLY;holly herndon;movement
nga4paDJ6c0;goat;world music
1GyJexedwEU;action bronson and the alchemist;rare chandeliers
cOlx2JNEe0I;vessel;order of noise
p_dtw1AgXZE;ratking;wiki93 ep
zYx3RYer3V8;deftones;koi no yokan
HZswTkpdlfs;jessica pratt;titled
XtGC_QIIHnc;crystal castles;(iii)
h7nbd-Cg-CY;brian eno;lux
bZtoB_Jf5CY;bat for lashes;the haunted man
tCcwnP9IPs4;the secret;agnus dei
68yux0jIEn4;titus andronicus;local business
u3ebepStQyc;neurosis;honor found in decay
QurcyHLpCEQ;pile;dripping
IIwrQVPYaLk;black moth super rainbow;cobra juicy
ruUkn7A1nQs;the soft moon;zeros
hWxnq5EYbZU;the bad plus;made possible
2Ad2VVgVBnc;mac demarco;2
wA8kYFNE5IU;andy stott;luxury problems
1Qy-Gs9hMq0;chelsea wolfe;unknown rooms: a collection of acoustic songs
akZkPoJwEek;hoax;3rd ep ep
Z7wMOFelXjY;pig destroyer;book burner
zjJprluULvI;3:33;in the middle of infinity
w_6tcxol2J0;karriem riggins;alone together
VUUxtEQLAiQ;kendrick lamar;good kid, m.a.a.d. city
gmM4mXdYuho;blu & exile;give me my flowers while i can still smell them
K-VeGR63e78;daphni;jiaolong
_JtSBVS1GkA;between the buried and me;the parallax ii: future sequence
P0RZxerD8m4;john frusciante;pbx funicular intaglio zone
MzLUol6iVUA;converge;all we love we leave behind
adyBTyBBOTM;godspeed you! black emperor;'allelujah! don't bend! ascend!
r3K4-d_XQaw;macklemore and ryan lewis;the heist
hBKOobrNh9Y;the mountain goats;transcendental youth
f7crV1BXXVg;tame impala;lonerism
9UMVPr-4WiM;mellowhype;numbers
q467HO8EEFw;metz;titled
niiR7Lsq-1o;death grips;no love deep web
_TZBdHjgMxI;alt;an awesome wave
zZsgsn_fUao;muse;the 2nd law
oerGu27kun8;mumford & sons;babel
9QmHTioUUaE;efterklang;piramida
Bois5gUeMQI;deerhoof;breakup song
LBnUyWddjsM;flying lotus;until the quiet comes
orJVZPz8XXU;dark time sunshine;anx
YYjbcGzONkc;various artists;cruel summer compilation
DMzJ6KkJz_g;lupe fiasco;food & liquor 2: the great american rap  pt. 1
SjFIvCue6oE;the gaslamp killer;breakthrough
aUClt-ivlH0;title fight;floral green
sR8LEe8pjMs;how to dress well;total loss
eR0cWuLWhzo;david byrne & st. vincent;love this giant
0Kb4w7dGSN0;dinosaur jr.;i bet on sky
CIqPtFREokI;lil b;california boy rare track
HcE__4Fv5Hk;grizzly bear;shields
qni6vhBYrBc;woods;bend beyond
fg_z_80Frfw;ondatrópica;titled
_gGv4ZYuTeA;krallice;years past matter
aHhY1flRwVM;the xx;coexist
bcDvYDiTthk;atoms for peace;"""default"" track"
rif2C3Xd5kM;death grips;"""@deathgripz"" track"
RHEI2gRzfPU;dan deacon;america
RNOWaELu2TM;mount eerie;ocean roar
fLFHoY01a_w;jens lekman;i know what love isn't
MaD8AyoDcRc;animal collective;centipede hz
tHcJpaXm0AQ;murder construct;results
owZQq8IU8oA;holy other;held
CS4HP_-HEdI;four tet;pink compilation
BFCQItmLjww;slaughterhouse;welcome to: our house
96slWZRmBWU;a$ap mob;lord$ never worry   (mixtape, really)
ZAKIxgzgNJ8;swans;the seer
U-MRU5VBrWY;the faceless;autotheism
vdIL2Slt9yM;matthew dear;beams
5WlUMxDtLqY;bloc party;four
fSB9Wy0-Ps4;wild nothing;nocturne
aAK0fVxfOUU;jessie ware;devotion
JoewSimddUg;eprom;metahuman
cJ5TedT9ZNA;jj doom;key to the kuffs
W45ddJvxOUY;xibalba;hasta la muerte
UShpz0i0k8w;2 chainz;based on a t.r.u. story
wX4OumIpl-Q;muse;"""the 2nd law: unsustainable"" track"
ifoZ_rbwR_U;parquet courts;light up gold
Iy4We7f42DY;ariel pink's haunted graffiti;mature themes
vu_Busuilos;niki and the dove;instinct
c42Yr9yXzdk;r. stevie moore;lo fi hi fives compilation
bxkMo9ECakI;domo genesis;no idols
pRL_6Lf9Xrg;om;advaitic songs
zFg1j6oSiBo;passion pit;gossamer
5WlRFlH5oRI;nachtmystium;silencing machine
eL1w_-MzMWE;animal collective;today's supernatural track
CTTmj5V5h_M;rick ross;god forgives, i don't
J6xkvLGQbAU;guardian alien;see the world given to a one love entity
EgWwC0rGDzo;crystal castles;plague track
SerNPTbrF84;purity ring;shrines
mVtFxatTLgU;gnaw their tongues;eschatological scatology
sjZJoRTOKr0;tnght;titled ep
KK8243vkLQ8;mission of burma;unsound
jO5gV6w8epQ;aesop rock;skelethon
q6T1zppObmA;holograms;titled
42RML92tDyQ;nas;life is good
Q94LHgvb7vs;wreck and reference;no youth
u1uuvuAe8Xg;baroness;yellow and green
RG8FKXlGdBU;frank ocean;channel orange
J17fzL6a-lw;twin shadow;confess
NImDLA14kHs;foxygen;take the kids off broadway ep
qnzAw1QuayE;h;cocody ep
_7eIJDRGBb0;dirty projectors;swing lo magellan
CHhdSJLmdu8;rush;clockwork angels
mgDP2G2USzQ;spaceghostpurrp;mysterious phonk: the chronicles of spvcxxghxztpvrrp
blVUxudkFYM;deathspell omega;drought ep
Y8_RPvxcJ80;hot chip;in our heads
j2VypHw0AD4;old man gloom;no
G-jE0gcdL9w;ty segall band;hair  s
7rw9WkF4lPY;open mike eagle;4nml hsptl
GX0CdRiz9xY;the smashing pumpkins;oceania
XQbBEdzZbaU;metric;synthetica
ktsk_xYWl7s;curren$y;the stoned immaculate
-2BfsmZSyD8;bobby womack;the bravest man in the universe
A6dKpFq0IxU;fiona apple;the idler wheel...
--YnsRamkzc;joey bada$$;1999
hv65cRcTDes;suns;the engine room
HJS6uAN23rM;kreator;phantom antichrist
b6_aekrjI_k;clams casino;instrumentals 2
_Fdv0XkbgSE;iamamiwhoami;kin
Vsb5OhJILf8;the tallest man on earth;there's no leaving now
-NI4-QvHv9M;recondite;on acid
zhYKXT3l69Y;liars;wixiw
6j-L50IZEZg;neil young & crazy horse;americana
u-wCVuxgRVE;japandroids;celebration rock
IGVvYilN48I;black breath;sentenced to life
5dX5az_Sn2w;big k.r.i.t.;live from the underground
39G4QwnUOzw;sigur rós;valtari
WSmr798qF3U;foxygen;"""make it known"" track"
uQEaJknSSXI;el;cancer for cure
V4RJ0eOZiXE;cerce;r
60d5MYBMAns;mount eerie;clear moon
bQ04LrK4epI;best coast;the only place
bfeusyA-J5k;dope body;natural history
E3kvrf4mO4g;killer mike;r.a.p. music
zxs4h0ABJMI;marilyn manson;born villain
A3yRUFSyWBw;mac miller;macadelic
tAXqMlMoyg8;ab;control system
jUYWMOOUY08;squarepusher;ufabulum
S9Up_xgbZaQ;beach house;bloom
XZ3LM0xjcPA;mewithoutyou;ten stories
53BsdCokZ0A;animal collective;"""honeycomb"" and ""gotham"" track s"
eboBBDS-Klw;b.o.b.;strange clouds
6fW1KL8qmzs;lone;galaxy garden
RqwXttWKaAU;off!;titled
BtV3qoHqVkI;dweller on the threshold;titled
KonQ_39B0uU;billy woods;history will absolve me
c1LHWTKqFcI;torche;harmonicraft
3Fw_fariB2A;actress;r.i.p.
XxbkE90hv38;white suns;sinews
vcTtK_FlGsU;jack white;blunderbuss
Sx7w_3vZ3F4;battles;dross glop
mK54P7VeM1g;death grips;the money store
LmFqBFeGADM;moonface;with siinai: heartbreaking bravery
fyGK13tSjsc;quakers;titled
JBKPJ5VUbr8;spiritualized;sweet heart sweet light
uvHLmv_WdIA;black dice;mr. impossible
63hrqTPY-KM;lotus plaza;spooky action at a distance
PVvWk4Vko6Q;dr. john;locked down
VpLANug-ClI;kindness;world, you need a change of mind
XmSktY7RhAE;willis earl beal;acousmatic sorcery
5x77EWbpJnc;chromatics;kill for love
e2g9_YXxfY0;badbadnotgood;bbng2
tHsdqsUxR3Q;high on fire;de vermis mysteriis
RE9pUpdFmeE;meshuggah;koloss
TlLz3R4O1EI;daniel rossen;silent hour / golden mile ep
RJDxHb5bsWc;the mars volta;noctourniquet
lQkaU6wMgaM;the shins;port of morrow
7rB4Qc-MRks;theesatisfaction;awe naturale
T2Dodo3pAtc;unsane;wreck
HxmQFplBmSI;ofwgkta;the of tape vol. 2
Y_5jlhMZwEM;soap&skin;narrow
4X8MvSNS1j4;the men;open your heart
6xc2uTO9v_Y;the magnetic fields;love at the bottom of the sea
mbmpyvyIj3A;big k.r.i.t.;4evanaday
OfNsxzM4yRM;evian christ;kings and them compilation
FnA5YRQwvRk;wzrd;wzrd
llsGRWq4K8M;christian mistress;possession
e6NEZa-sXjw;gorillaz;"""doyathing"" track"
m3vJf5nPLAE;milo;"""prince abakaliki of nigeria needs your help"" track"
5n5X5kQmnBw;pallbearer;sorrow and extinction
X-VSXW3qthQ;sleigh bells;reign of terror
GBp40M6WMxA;perfume genius;put your back n 2 it
mwX3u3tG9bQ;grimes;visions
Wjc0FV3AAgM;goatwhore;blood for the master
_OccjaZSDHI;tennis;young & old
roeyTQmPbWw;burial;kindred ep
dfzAuvtWVYk;earth;angels of darkness, demons of light ii
BkehXdTfF38;portico quartet;portico quartet
ew9pSl1vJP0;lapalux;when you're gone ep
E9V9AkezyRQ;sharon van etten;tramp
8Mxjjefgprw;shlohmo;vacation ep
zvvISXU7YaQ;a place to bury strangers;onwards to the wall ep
qjKuzGK04GY;leonard cohen;old ideas
h_jZvILNGzo;of montreal;paralytic stalks
uOqCnL0MEPw;loma prieta;i.v.
wktzFuTHqls;john talabot;fin
Hll4l4aAyhY;the maccabees;given to the wild
mzyin0buNks;lana del rey;born to die
dHOHrx-p9sc;heems;nehru jackets
fUYvPM4dYBo;pop. 1280;the horror
nYcnhe_y21g;lamb of god;resolution
sVjHl5LdLco;chairlift;something
MEvzOm8XUgo;gonjasufi;mu.zz.le
bEj3GUmhci4;firstaid kit;the lion's roar
bhBkb4ayfVY;young fathers;tape one ep
ITVA5ALfEiE;schoolboy q;habits & contradictions
V3TEU7FBXC4;cloud nothings;attack on memory
4EzQRbeLeXk;the act of estimating as worthless;amongst these splintered minds...
zy-vcDvAJ6U;the shins;"""simple song"" track"
OB31JSo1MPU;charlie haden & hank jones;come sunday
K-ZiSFmbAA0;ceremony;"""hysteria"" track"
kgOFgQLoPgg;alcest;les voyages de l'âme
0bCcHtQerqE;zammuto;idiom wind ep
nuRLRQl0tZ8;the weeknd;echoes of silence
U78NIj16Ou0;guided by voices;let's go eat the factory
VhsLsnnCaMU;the internet;purple naked ladies
IB4kTLN15y0;neutral milk hotel;in the aeroplane over the sea
oqWkfcdYvvs;wu;tang: 36 chambers
MCu9UD2aVlw;frank zappa;hot rats
-80PEYVeI4E;godspeed you! black emperor;lift yr. skinny fists like antennas to heaven!
7UbRxK4qMRs;cass mccombs;humor risk
eATcLAOGxro;badbadnotgood;rotten decay track
XmgynYpKSVg;the roots;undun
rwAHEPfpiOI;cormorant;dwellings
_Ca1LFIih3k;nujabes;spiritual state
oyr32v8ibE4;jacaszek;glimmer
Q5d9O8CPh7w;the black keys;el camino
J10Fov5VEP8;comet gain;howl of the lonely crowd
UHFFlrSZF-U;oneohtrix point never;replica
XmxL81mXR2I;red horse;titled
W31Mox0Ez1U;yelawolf;radioactive
jR4A97iLRxg;the spits;the spits
ImsHI_Z6T2I;the log.os;λόγος
iRG4w5x2vV8;vektor;outer isolation
PiuMwOAX72U;kate bush;50 words for snow
g01hbKaIfg4;cynic;based anatomy ep
5H69rSUADF0;mac miller;blue slide park
jtT_ilEovl0;wale;ambition
oeiWtWcROvo;king krule;king krule ep
G-Rnu8q8fSI;crystal stilts;radiant door ep
CxT49-YpUNc;drake;take care
Z9qBtOaCRzc;pianos become the teeth;the lack long after
vOrHGz2U-zA;atlas sound;parallax
EGFCKb5PfDA;childish gambino;camp
YvcQAEJ6AvU;david lynch;crazy clown time
uEINRdIFHK0;ghoul;transmission zero
CPVjp0i3WPQ;my brightest diamond;all things will unwind
NHnS2gDJEPY;asap rocky;livelovea$ap
rgIESOp7WCM;the strange boys;live music
RUNnXRjmGoQ;lou reed and metallica;lulu
8PqLOyHA7BI;oblivionized;abhorrent evolution ep
1_d3YFEGeCQ;milo;i wish my brother rob was here
X7eK8bLJEMo;black milk & danny brown;black & brown ep
YH36huOO0HE;justice;audio, video, disco
7VEeJ02y0H4;the field;looping state of mind
cYpnHONNf1k;tom waits;bad as me
KGLwTJ47stQ;m83;hurry up, we're dreaming
JknqyWg0Vrs;kuedo;severant
xZnmheQqgUs;absu;abzu
e9lo6CiLlU4;björk;biophilia
fU1YnAn4lWY;civil civic;rules
bvq9_gEwE9A;rustie;glass swords
xt8IbWk9eSQ;feist;metals
y38fLimjzQI;mr. muthafuckin' exquire;lost in translation
QSMwuVqBQeA;james blake;enough thunder
yxTPfKspFl8;la dispute;wildlife
BXralORhPus;teenage cool kids;denton after sunset
JeIw4S0_mKU;wilco;the whole love
1EuXsp4iqZw;9th wonder;the wonder years
NLVxe2Evtkk;j. cole;cole world: the sideline story
A96ENM-zcnE;badbadnotgood;bbng
ApMeFBLy3v0;mastodon;the hunter
2c5KCsYiYoY;wild flag;titled
NvFPmfdppYg;opeth;heritage
pOI3xkXoId0;andrew jackson jihad;knife man
OmUdajuMIns;veronica falls;titled
yvjxdtcLVfI;das racist;relax
lKwifoAnEFo;you're not ing: blink;182, the game, foster the people, and more
7KSn_S1rMIU;neon indian;era extraña
JGeLYl3kkmg;st. vincent;strange mercy
axVo2kNjKXc;wolves in the throne room;celestial lineage
wFKoYmiTws4;the men;leave home
a9TwaFehPHo;thundercat;the golden age of apocalypse
MbLt2Qgl350;girls;father, son, holy ghost
e9cxD4xYB_M;the drums;portamento
_Fh9EiKr9iU;shlohmo;bad vibes
rXgxJk5dBS8;hella;tripper
mk43w6R5vW4;lil wayne;tha carter iv
QTR2Gxt4Hmc;red hot chili peppers;i'm with you
d8kP_uGxNfc;giles corey;giles corey
aAKCV2xq4ak;apathy;honkey kong
DPeE28Fb_L8;danny brown;xxx
KXUyCz1rYM0;active child;you are all i see
dnYa0GqNk8M;africa hitech;93 million miles
IqaUt85GOH4;the war on drugs;slave ambient
FMhrhf5kENY;chelsea wolfe;ἀποκάλυψις (apocalypse / apokalypsis)
aGZqWwuLdjA;feist;"""how come you never go there"" track"
1G57MNa37Nc;rival sons;pressure & time
L8adbT0u1rA;cerebral ballzy;cerebral ballzy
7hpw4H18k3M;matana roberts;coin coin chapter one: gens de couleur libres
HLMuUZhHZqE;kanye west & jay;watch the throne
z_dFxCKsLvg;beirut;the rip tide
TyynHvJiG_4;various artists;brand new wayo compilation
E_WWgVVeFjs;theophilus london;timez are weird these days   (dead end hip hop & the needle drop)
TR7xn0tJ-7E;hudson mohawke;satin panthers ep
PaWQFOJ7D4o;machinedrum;room(s)
hN5hDEvNMGU;unknown mortal orchestra;titled
SaiXRdS1gl0;disma;towards the megalith
-nG5Q3kMgq8;mellowhype;blackenedwhite
LK5U4DeBO_o;little dragon;ritual union
TyGMJtRPF78;they might be giants;join us
GVCgXaptRqY;4 s: m83 / kanye west & jay;z / the drums / jeff the brotherhood
Uknh7QaW87Y;portugal. the man;in the mountain in the cloud
Lu7PAAopMyY;toxic holocaust;conjure and command
-jvtyvMWE88;the cool kids;when fish ride bicycles
xiS0XwgBmmA;touche amore;parting the sea between brightness and me
BrT6sEYrXew;zombi;escape velocity
6mqaOPpyIsc;the horrors;skying
w9iUTLxA2_0;washed out;within and without
1nYHyZgD5zM;kendrick lamar;section.80
45xt7d6L538;limp bizkit;gold cobra
Wp20Qxx2lOc;ulcerate;the destroyers of all
zEHPgX9w9R4;herman dune;strange moosic
KwTAPEe6A1A;lil b;i'm gay (i'm happy)
2zmWqxEUYiE;samiyam;sam baker's
-f4DyUGCg0w;shabazz palaces;black up
nyrKpKxqGX8;bjork;"""crystalline"" track"
dFa1CV4IzhM;cults;cults
6p3xVcQZuCY;sbtrkt;sbtrkt
wgqY757V0-Y;iceage;new brigade
j_LB2pqybaM;bon iver;bon iver
6RCLxGb4BPE;bad meets evil;"hell: the sequel ep  (eminem & royce da 5'9"")"
WIX13DiXBe8;blood ceremony;living with the ancients
kR3sN2WTOh8;wu lyf;go tell fire to the mountain
1J2Fi3fiN7s;poor lily;titled
K-J6VwasuOg;fucked up;david comes to life
zWDo8gGwRfk;battles;gloss drop
9_qPevj08xM;snake oil;snake oil
y39aOgNMgik;arctic monkeys;suck it and see
CrnkL-ewcck;woods;sun and shade
14sLvv_ykmE;planningtorock;w
Xa4YaYOdYAY;havok;time is up
ANJ3E5-p8Eo;death cab for cutie;codes and keys
SVy-uU84ApQ;theophilus london;lover's holiday ep
4GngIvsARm8;my morning jacket;circuital
oIR6GZakxM8;master musicians of bukkake;totem 3
Q3W2rJhXMEc;coma cinema;blue suicide
EpoCK7SOutg;boris;heavy rocks / attention please  s
NXcbNP9i2jw;lady gaga;born this way
orxEQ343cVo;elzhi;elmatic
UWcxXnus0zY;danger mouse & daniele luppi;"""the rose with the broken neck"" track"
Pj9pEejYtFc;balkans;titled
6Igq-xjJ31A;this will destroy you;tunnel blanket
WIyRRLBsukw;the uv race;homo
pbpDut3adjE;bon iver;"""calgary"" track"
O-6hnRcicVc;amon tobin;isam
nyHhmEHt5qo;jesu;ascension
hgryNZz-34Q;manchester orchestra;simple math
on1vkPNRFwg;liturgy;aesthethica
IMRNfB8l_tU;the lonely island;turtleneck and chain
j1JbIzOtBj4;wild beasts;smother
K5AU0BHLPh0;grouper;"""alien observer"" track"
IT2XYrIJHSA;tyler, the creator;goblin
AZegHBU-ffQ;death grips;exmilitary
5chNEtG0ETI;the antlers;burst apart
zNbdh-JzTDY;jamie woon;"""night air"" track"
ztqWF4z9kAw;fleet foxes;helplessness blues
qwRR5uCTvas;explosions in the sky;take care, take care, take care
qv-cNmuNi64;beastie boys;hot sauce committee part two
f6df3Yo-aSE;cunninlynguists;oneirology
1EWVlDIRUR4;bill callahan;apocalypse
deKmw1zDkGc;the kills;blood pressures
DSjCcInCqOk;tune;w h o k i l l
JEML7td1D3s;wormrot;dirge
1clWfouQyjg;rotten sound;cursed
IfnHn2hWWzA;foo fighters;wasting light
yEd2D-ukjZs;metronomy;the english riviera
lvnSmbU4nWY;crystal stilts;in love with oblivion
OwxUIz-Thwc;the weeknd;house of balloons
LNB3Cy4djB4;tv on the radio;nine types of light
5_Oi7Kr46A8;beastie boys;"""make some noise"" track"
mKM5Z5n8Mi0;timber timbre;creep on creepin' on
vph5xGBPCOE;the vaccines;what did you expect from the vaccines?
5PSH6cV4N-I;holy ghost!;holy ghost!
05JqiVVSJSk;panda bear;tomboy
bRPT-bxzQxw;trap them;darker handcraft
p1TcklAM0r4;boris;"""riot sugar"" track"
RG3E7xK6Oq4;big k.r.i.t.;returnof4eva
TOtTxtBWZ5k;bibio;mind bokeh
p5cXB3JA9Eg;justice;civilization track
DYEbtRPKnmw;craft spells;idle labor
JKqAHPICR60;the pains of being pure at heart;belong
d5o1V3lxGH0;the strokes;angles
nJqkgqRwqAw;reks;r.e.k.s.
RS6qsVXB7h8;burzum;fallen
ruD60TlP5ng;explosions in the sky;trembling hands track
USKRwIsBG04;raekwon;tang
Cy67iqBfdws;lupe fiasco;lasers
Gc0Jpf_25a4;tim hecker;ravedeath, 1972
_ccX1kbdU4U;weedeater;jason...the dragon
vqcaYZSjJE0;beady eye;different gear, still speeding
hNmz05kGJgo;the mountain goats;all eternals deck
Agg3HH0x_eA;siriusmo;mosaik
6ZYy4gP1J3s;yuck;titled
-F1V2oPhlso;fashawn;higher learning vol. 2
3-IGABC6rlU;pj harvey;let england shake
KtTU7nPAp5Q;toro y moi;underneath the pine
0BFLDVGvTrQ;colin stetson;new history warfare vol. 2: judges
FnfNcqX5AAA;radiohead;the king of limbs
Pc5Hutyj2AA;nicolas jaar;space is only noise
FGaO0divFf0;vreid;v
rcz78ic8CGw;lil b;angels exodus   (andy d, too!)
4DsiwriEgBE;mogwai;hardcore will never die, but you will
zzmpVAXSd9Y;tyler, the creator;yonkers track
OqPz7zvPn_I;the strokes;under cover of darkness track
HAaEjb9l180;natural child;titled 7'' ep
6YjqJdoHUZM;anamanaguchi;airbrushed track  (the strokes, too!)
Qqw9bnffDsY;james blake;james blake
k83AU5xksp0;cut copy;zonoscope
Pj6SHbpDnSc;earth;angels of darkness, demons of light i
HMTBo9huzi0;dumbo gets mad;elephants at the door
kLFGEHpPi3w;john vanderslice;white wilderness
uWzNiXXypE0;fleet foxes;helplessness blues track
mYez03fRUBs;braids;native speaker
kp-3jPaY7yU;kvelertak;titled
WhC9kcctI8s;the decemberists;the king is dead   (iron & wine, too!)
2IWjwiuBG4A;destroyer;kaputt
Y5Dy3MxEyTY;deerhoof;deerhoof vs evil
XtmTM3AIdLI;fergus & geronimo;unlearn
YTJ2dzQhSrM;white lies;ritual
q1go3WwvCvY;smith westerns;dye it blonde
X1nALCk5kMU;a;after school special
vtDvu9PVcJc;ghost;opus eponymous
PD-2gGas94M;cage the elephant;thank you, happy birthday
4EUEhF8BQOc;kanye west & jay;h.a.m. track  (tapes 'n tapes, too!)
PzKcgB0n5XE;british sea power;valhalla dancehall
QT3w-swBFd4;wire;red barked tree
o3aI489UkdI;cake;showroom of compassion
iE5p3GCzoxI;all pigs must die;titled
qrq1QohxWwU;jj;kills
j48qLgyg7PE;james blake;limit to your love track  (madvillain, too!)
tmgAH3ytu0Y;m.i.a.;vicki leekx
Cw0jTXZBwDY;shad;tsol
oxiaceqXWbA;gorillaz;the fall
Uu1_BYX8ars;big blood;dark country magic
szIb95UJ2YY;r.e.m.;discoverer track
qQrvfibimlk;lil b;i'm miley cyrus track
6urd4Zke2os;ghostface killah;apollo kids
9EIhfqzJEnk;the souljazz orchestra;rising sun
aVZ9A4Ehw_g;röyksopp;senior
iqD6M8V0A5U;anika;titled
nQe_rTrxGyA;kids & explosions;shit computer
AyzpDXRVbwA;skrillex;scary monsters and nice sprites ep
EZOQBqCPQHc;tonetta;777 volume one
_2RPGAA6p4E;tyler, the creator;bastard
yO9XxNq2njQ;daft punk;tron: legacy soundtrack /
edXP5f4CFT8;off!;first four eps
btaQdzwfvDM;maserati;pyramid of the sun
ty0id9qHcq8;glasser;ring
4fbSlv4whH4;cut copy;take me over track
iBvPmPp4Xbg;girls;broken dreams club ep
1uhI4H6dAG4;mogwai;rano pano track
2LVs5Ki7bjE;deathspell omega;devouring famine track
GMKfsj1fg5g;girl talk;all day
ASYMfU7wpiI;agalloch;marrow of the spirit
Jo4S2qlQGs0;kanye west;my beautiful dark twisted fantasy
S0igfnHzYwM;crystal castles;"""not in love"" ft. robert smith track"
oPQy0fn2Ypk;teebs;ardour
iJ5o99-MO7I;asobi seksu;trails track
yetM0u9wqck;weekend;sports
YQL2E353bPw;n.e.r.d;hypnotize u track
x217SO9VPwE;cee lo green;the lady killer
WjH-L0Pke7Q;matt & kim;sidewalks
hWJ40emz1ew;gold panda;lucky shiner
KOLkwwzrn7w;kid cudi;man on the moon ii: the legend of mr. rager
XvPpOLp-8LM;das racist;shut up, dude / sit down, man
RkumjdJ-Eew;brian eno;small craft on a milk sea
wumo4Urajx4;electric wizard;black masses
Gcxdgfr9gpw;how to dress well;love remains
tPBU6k_Y1KI;small black;new chain
j7BRmTNLRTc;bongripper;satan worshipping doom
Cy_FBsloKIk;diamond rings;special affections
6IBcwokLzbI;warpaint;the fool
rzj_j93PWdw;matthew dear;black city
fawZ5QbzcdE;wire;two minutes track
Oblv8bB5ZLQ;zach hill;face tat
xBxvMXOjHM4;kings of leon;come around sundown
9ZQyNDad3c0;the gaslamp killer;death gate ep
BNBfo24nEE8;avey tare;down there
edCRJuyXjl0;sharon van etten;epic
czrckuVdzUk;luke abbott;holkham drones
9J9VqG7mBxE;the fresh & onlys;play it strange
0_2WZbMsIeI;sufjan stevens;the age of adz
wpzMfharbwE;mark ronson & the business intl.;record collection
ZPPDUHY6QIs;brian eno;2 forms of anger track
CB-HKdkM7hg;twin shadow;forget
fNVNPtj1IsM;abe vigoda;crush
MzYQR6ePkiw;the tallest man on earth;sometimes the blues is just a passing bird ep
pwDvi7BFJGw;salem;king night
qMsnKVtohy0;women;public strain
kxHrdmYZrxE;neil young;le noise
w8Bs5XGU1vg;no age;everything in between
z1ahI9rAFgU;nails;unsilent death
LP-Vdm27vS4;deerhunter;halcyon digest
N7LyYAx3bpU;swans;my father will guide me up a rope to the sky
F2HofRWJrc4;flying lotus;pattern+grid world ep
9pVPVR_oYuM;black mountain;wilderness heart
KJUXbD0MlHU;black milk;of the year
RXEfX-diMwc;future islands;in evening air
KdoJNfTm-Hc;brandon flowers;crossfire track
NTqEw597UZI;chromeo;business casual
ZJcfSk9f3YE;the walkmen;lisbon
1RuC_S06xwY;grinderman;grinderman 2
jNBYi07Q7GQ;blonde redhead;penny sparkle
Jhxy8MV9S70;of montreal;false priest
HtZpjuo2BBo;weezer;hurley
oL-_u9IKQfc;tera melos;patagonian rats
HQx-nFyc0So;watain;lawless darkness
5QPBbc5PmAQ;miami horror;illumination
nu23M18PwPE;interpol;titled
dJ2hPTt1Rkc;cee lo green;fuck you track
87H2nRX0Ya8;magic kids;memphis
h3L42McXVnE;mogwai;special moves
xjVzCXICeuA;klaxons;surfing the void
8TY2SJEq3SI;matmos and so percussion;treasure state
DPRnDY0jZ4I;animal collective;oddsac movie
LCixPRPXCb8;sufjan stevens;all delighted people ep
Vng4RQPCZYA;fever ray;mercy street track
NouYDsQHC3Q;no age;glitter track
W86MneOdcW0;teen daze;four more years
-DkT8NwxAQA;iron maiden;the final frontier
eqmp86d17fM;thou;summit
X5fhQd3JGuc;various artists;beat airways
uqY4vTcKTjg;autolux;transit transit
rUrhOERq7mE;weezer;memories track
JIOuOK7sUV8;the budos band;the budos band iii
Z5ODIutKoNs;bare wires;i love you tonite track
gHJrGGBcP0E;daughters;titled
r5JLOjog1E0;the twilight sad;the wrong car track
mHUzdIKQ5x0;ceremony;rohnert park
X3qyysxKEkU;arcade fire;the suburbs
c5kn_TB90gA;dangermouse and sparklehorse;dark night of the soul
0DryZn9n6po;wild nothing;gemini
Om8Nh5Zw5jc;best coast;crazy for you
WAX0VFfGQDo;mono/poly;paramatma
xId8g9JmXMw;dumbo gets mad;plumy tale track
S8HRhbucYiw;baths;cerulean
mm7grFGcfIU;cut copy;where i'm going track
Us2q-4BFSlA;the books;the way out
0je8it7hG3g;mia;maya (/\/\ /\ y /\)
gtyH07BM4TA;alcest;écailles de lune track
4pmTuXGyCPE;dirty projectors and bjork;mount wittenberg orca
TvPFu80ZVz0;panda bear;tomboy / slow motion track
du-Szi7pGRE;superhumanoids;urgency
6Eiy1V32zws;washed out;you and i track
EOJLDZMDS1A;noveller;desert fires
GqT7NVvRDBQ;big boi;sir lucious left foot: the son of chico dusty
2KoLHtolHkQ;club 8;the people's record
X2xEj8wiS88;interpol;lights track
Q8Jp4U2BBnI;wavves;king of the beach
a1HzLIKAQ4A;the roots;how i got over
Q2nYEWeAR-s;wolf parade;expo 86
WnoLpkdUDng;various artists;cloud cuckooland
YMyzLX4-Lv4;emeralds;does it look like i'm here?
AxvUaBMM8Xg;magic kids;summer track
ABAea7gFO5I;laurie anderson;homeland
3niVOWuSVF4;janelle monáe;the archandroid
ynJ2Fhx9E5Q;civil civic;run overdrive / fuck youth track
LwDNWYvFpYs;uffie;sex dreams and denim jeans
FZnXhfwF8rg;band of horses;infinite arms track
Gko3qhyrBAw;devo;something for everybody
pkcnbD9DT6o;the radio dept.;clinging to a scheme
95i8EtUH7q8;villagers;becoming a jackal
vFozdNxwJZM;foals;total life forever
cUXCNgJSmzU;the drums;titled
qS84qVZz27Q;black mountain;old fangs track
A38cOUWdK9k;suckers;wild smile
S4HW7jmRXeE;ariel pink's haunted graffiti;before today
Wj_P3CQUXZE;here we go magic;pigeons
7Hq8WgQ-6Gs;sleepy sun;fever
pzsUK9Iq4DU;melvins;the bride screamed murder
t70fklNoFBI;tame impala;innerspeaker
LEuxWZ_0zwc;guilty simpson;oj simpson
-l_acNr2uMo;ratatat;lp4
fAEAaIqEuVI;arcade fire;month of may / the suburbs track
OElyc_yZU54;xasthur;portal of sorrow
wwikVZU7CfA;tobacco;maniac meat
DxDiyg9IMKU;harlem;hippies
1aJXrwCX20U;sleigh bells;treats
0zMQS8YxYNA;the black keys;brothers
yjUB20WlJnw;ratatat;party with children
3Hbhb5CGEB0;lcd soundsystem;this is happening
v_7WlMvv50I;the dead weather;sea of cowards
Lfw6vPZAUtc;the new pornographers;together
ncrpTX6jR5w;woods;at echo lake
DuMUDldrG3g;the national;high violet
ySXryTlo9Ac;holy fuck;latin
cndwH6byJnk;little women;throat
O0hpcqwBUKU;black keys;"""next girl"""
KCuamde9Atc;flying lotus;cosmogramma
5xIQCY__HQ0;broken social scene;forgiveness rock record
VXaKHorhNIQ;foals;this orient
YFKNa0z_XzU;health;usa boys
II-Dj_gtRL4;crystal castles;titled
jd8olhovn6w;blur;fool's day
JsQHABGsCUQ;darkthrone;circle the wagons
Pm-Y6U3d7W8;mia;born free
U6Wxvlbu72c;happy birthday;titled
HtbAw6jnOAk;crystal castles;"""doe deer"" / ""celestica"""
OOlTZk_I14E;caribou;swim
K7nxzVgxlhY;lcd soundsystem;drunk girls
ynE0NztYvoc;iggy and the stooges;raw power  (legacy remaster)
LNlYvkNNX04;the tallest man on earth;the wild hunt
D12g4LXpXsI;titus andronicus;the monitor
qrYfTxRj_c8;deftones;diamond eyes
aOcOsJjgj6M;dum dum girls;"""jail la la"""
QNRGDeXpnvU;burzum;belus
dccOsytXSJk;awesome color;"""transparent"" track"
PlNynmu_Cp0;jonsi;go
nmZuDtqod70;autechre;oversteps
Ec4Vw1ERk8o;the morning benders;big echo
NJ7htMtCxcI;the national;"""bloodbuzz ohio"" track"
G6koCbQeg94;mgmt;congratulations
c5j8_b8aFnw;portugal. the man;american ghetto
DokfQZFDxek;gonjasufi;a sufi and a killer
RSiRLY5Usgg;holy fuck;"""latin america"" track"
GW67m43fgO4;arckanum;þþþþþþþþþþþ
lVj-lS3bfUc;broken bells;broken bells
3vl5QXJolYU;ariel pink's haunted graffiti;"""round and round"""
xBKlf53peNY;liars;sisterworld
_NHyY22Nx4U;mgmt;"""flash delirium"" track"
SFLvAe2k0Z0;high on fire;snakes for the divine
ftt175Djodk;the knife;tomorrow, in a year
A9RLE74OXUY;gorillaz;plastic beach
